ID,userID,date,Followers,Friends,Statuses,Lat,Long,Text,Class,BoroCode,BoroName,NTAName,CenstracID
28179,75665941,2012-11-01 17:25:00,12,111,126,40.6330377,-74.0232715," Heres the New Subway Map, and Other Hurricane Sandy Recovery Details   via  ",Caution and Advice,3,Brooklyn,Bay Ridge,45
25487,26499335,2012-10-31 14:13:00,2227,1858,24233,40.67102,-73.98733,  don't commute in! 2 hour and $60 cab from Sunnyside to Midtown east. And still in car... #Sandy ,Caution and Advice,3,Brooklyn,Park Slope-Gowanus,49
29131,70843031,2012-11-02 01:33:00,1171,458,45837,40.64551765,-73.96026188, Greenpeace mobile solar power truck. Far Rockaway NYC #sandyvolunteer #greenpower #OWS #sandy   #fb ,Caution and Advice,3,Brooklyn,Flatbush,180
24333,7482,2012-10-31 00:40:00,9058,566,37427,40.67788885,-73.97364439," For all the shit meteorologists get, they did a pretty amazing job laying out exactly what #Sandy was going to be, allowing us all to prep. ",Caution and Advice,3,Brooklyn,Prospect Heights,1159
28536,765538999,2012-11-01 20:23:00,25,39,173,40.71734804,-73.95846957, Stay off road. Take shelter. #sandy ,Caution and Advice,3,Brooklyn,North Side-South Side,1869
25212,15458430,2012-10-31 12:01:00,296,326,2808,40.6834512,-74.00063278, I don't recall being taught these tips when I was growing up. #sandy #  E Squared 2: Electric Boogaloo ,Caution and Advice,3,Brooklyn,Carroll Gardens-Columbia Street-Red Hook,2069
26163,21433203,2012-10-31 18:35:00,322,769,3825,40.70225241,-73.92440974, NYC is known for never sleeping well were not sleeping we're stuck! #Sandy ,Affected People,3,Brooklyn,Bushwick North,150
24656,340697483,2012-10-31 02:29:00,108,169,6055,40.69873156,-73.91407283, 's upset -- #HurricaneSandy killed a teacher in my school! ;made a mess of my city ; can't be #TheNanny ( for Halloween tm!&gt;:( ,Affected People,3,Brooklyn,Bushwick North,154
25623,16801040,2012-10-31 15:10:00,60,170,1110,40.72705037,-73.94692001,"   what's wrong with you,?  saw on tv telling a couple their neighbor died while filming and broadcasting. #wtf, #ny1, #sandy ",Affected People,3,Brooklyn,Greenpoint,209
24268,125405372,2012-10-31 00:21:00,139,120,976,40.62037265,-73.95073629, U.S. Hurricane #Sandy death toll is now at 43.,Affected People,3,Brooklyn,Midwood,256
27427,16214742,2012-11-01 03:35:00,399,602,8177,40.61890075,-73.9471695,  any precautions being taken to protect against these looters?? I've heard of multiple incidents and it worries me. #sandy #NYC ,Affected People,3,Brooklyn,Midwood,257
29317,64442536,2012-11-02 02:56:00,540,1755,8169,40.67842083,-73.89407915, Watched all of Season1  in 2days during #Sandy now I'm obsessed with this show! #trappedinbrooklyn #Sandy ,Affected People,3,Brooklyn,Cypress Hills-City Line,321
28087,30744121,2012-11-01 16:33:00,284,664,24576,40.62040147,-74.02715653, So so sad. They just found those 2 little boys on staten island #HurricaneSandy ,Affected People,3,Brooklyn,Bay Ridge,686
29427,887160348,2012-11-02 04:09:00,295,149,31505,40.65440512,-73.97831386," I can't believe 25+ people died in Staten Island alone. The name ""Sandy"" isn't even cute, the irony in naming a hurricane that... No. ",Affected People,3,Brooklyn,Windsor Terrace,856
29413,63044248,2012-11-02 04:00:00,221,693,2665,40.66424315,-73.98326973, I am starting to experience cabin fever!!!! #Sandy ,Affected People,3,Brooklyn,Park Slope-Gowanus,881
25008,51028709,2012-10-31 05:53:00,95,22,270,40.60485676,-74.0087283, Fun times! After being locked up due to Sandy had a relaxing time! ,Affected People,3,Brooklyn,Bath Beach,1006
24947,75165969,2012-10-31 04:59:00,308,441,14281,40.69525356,-73.96938094," Very scary In Storm Deaths, Mystery, Fate and Bad Timing. A few profiles of lives lost:  #Sandy ",Affected People,3,Brooklyn,Fort Greene,1069
28141,419630577,2012-11-01 17:05:00,354,783,1730,40.69365932,-73.97170583, 500 ppl still  HS evac shelter as of 5:30AM when I was there. And teachers are supposed to return tomorrow how? #Sandy isn't over ,Affected People,3,Brooklyn,Fort Greene,1069
28249,41763985,2012-11-01 18:06:00,95,253,1342,40.68990647,-73.9941537," NY mourns: Two boys, 2 ; 4, found dead on Staten Island   #Sandy ",Affected People,3,Brooklyn,Carroll Gardens-Columbia Street-Red Hook,1077
28840,30088983,2012-11-01 22:51:00,149,694,11305,40.58822016,-73.95722151, #Sandy has not only broken my neighborhood but also made me more poor...next week I might walk to work ill barely be able 2 afford anything ,Affected People,3,Brooklyn,Homecrest,1139
28995,27228532,2012-11-02 00:21:00,1086,182,6372,40.70477381,-73.94186034, Day 4... #hurricane #vacay #cabinfever #brooklyn #nyc #sandy #vino #williamsburg #boozing #fa  Cardona ,Affected People,3,Brooklyn,Bushwick South,1201
25928,268498075,2012-10-31 17:03:00,91,167,4249,40.69516749,-73.95433311, Young Ditmas Park Couple Killed By Falling Tree While Walking Dog In #Sandy Surge    ,Affected People,3,Brooklyn,Bedford,1320
24645,15672838,2012-10-31 02:25:00,419,718,4500,40.646784,-73.996962, Relocated to chinese sensation hotel. #thankssandy #sotired #needrest  ( Hotel) ,Affected People,3,Brooklyn,Sunset Park East,1382
29041,262954526,2012-11-02 00:46:00,74,402,408,40.63762211,-73.97121702, Picked up 3 refugees on Jay St  #Sandy ,Affected People,3,Brooklyn,Kensington-Ocean Parkway,1399
24708,15554096,2012-10-31 02:50:00,117,198,2174,40.5950085,-73.96192273," I've just lost everything I own. I never thought something so horrible could happen. #hurricanesandy""  what happened dude? ",Affected People,3,Brooklyn,Homecrest,1405
28997,20802652,2012-11-02 00:22:00,402,1081,6962,40.702587,-73.989475, BOOORRRREEEDDDDD so buying more food I don't even really want. Bc Sandy turned me into an eating and drinking MONSTER ,Affected People,3,Brooklyn,DUMBO-Vinegar Hill-Downtown Brooklyn-Boerum Hill,1489
25624,426876988,2012-10-31 15:11:00,117,368,1838,40.68925044,-73.90694994, This hurricane thought was gonna b light but sandy did damage fucked up my trick or treating no free candy ,Affected People,3,Brooklyn,Bushwick South,1731
24862,190539140,2012-10-31 04:04:00,153,81,2647,40.72104508,-73.9565216, All of us on the East Coast have been affected by Hurricane Sandy... Praying for EVERYONE - whether loss is 'small' or 'great'. Xoxo ,Affected People,3,Brooklyn,North Side-South Side,1870
24737,41844882,2012-10-31 03:02:00,948,806,5893,40.69775,-73.9509653, sandy violated nyc 16 people dead...train flooded and tunnel ...sheesh ,Affected People,3,Brooklyn,Bedford,2017
27270,16258918,2012-11-01 02:07:00,643,232,6537,40.69400114,-73.98327394," For Halloween, I am a zombie. Laying on my couch, staring at the ceiling. #SandyAftermath #TheFaceOfCabinFever ",Affected People,3,Brooklyn,DUMBO-Vinegar Hill-Downtown Brooklyn-Boerum Hill,2154
25814,914767849,2012-10-31 16:22:00,43,156,458,40.69780731,-73.99313354, At St. George Tower remnants of the whipping flag I posted to the blog the night of #Sandy  St George ,Infrastructure/Utilities,3,Brooklyn,Brooklyn Heights-Cobble Hill,25
24500,543579411,2012-10-31 01:36:00,47,65,99,40.68813174,-73.98576004, Tree fallen next door #sandy ,Infrastructure/Utilities,3,Brooklyn,DUMBO-Vinegar Hill-Downtown Brooklyn-Boerum Hill,27
25836,73987740,2012-10-31 16:30:00,5627,2232,265661,40.6202769,-74.0374545, All i know is I'll be forwarding my next time warner cable bill to Sandy so that trick can pay her share of my internet ,Infrastructure/Utilities,3,Brooklyn,Bay Ridge,28
24643,43033325,2012-10-31 02:25:00,94,102,142,40.68390392,-73.99899035, Mom Just Called To Make Sure You're Not Under That Dangling Crane   #Sandy ,Infrastructure/Utilities,3,Brooklyn,Carroll Gardens-Columbia Street-Red Hook,31
24668,494686325,2012-10-31 02:33:00,44,40,1208,40.68312679,-73.99878269," From our window we can usually see the downtown lights sparkling, tonight there's not a light to be seen for 20 odd blocks. #sandy ",Infrastructure/Utilities,3,Brooklyn,Carroll Gardens-Columbia Street-Red Hook,31
25531,20940614,2012-10-31 14:31:00,22376,2522,55005,40.68618459,-73.9975827, Are there contingency plans for the elections such as Possibly postponing for a week or so until power is back? #Sandy  ,Infrastructure/Utilities,3,Brooklyn,Carroll Gardens-Columbia Street-Red Hook,31
24997,111085802,2012-10-31 05:45:00,273,291,2493,40.6852638,-73.99164302, A tree falls in Brooklyn. #hurricanesandy #gay #brooklyn   Hill ,Infrastructure/Utilities,3,Brooklyn,DUMBO-Vinegar Hill-Downtown Brooklyn-Boerum Hill,32
25504,43163576,2012-10-31 14:19:00,1941,268,8903,40.68681354,-73.99091418, HOMAGE BROOKLYN will be closed today. We hope everyone effected by Sandy is doing well. #nyc #newyo  ,Infrastructure/Utilities,3,Brooklyn,DUMBO-Vinegar Hill-Downtown Brooklyn-Boerum Hill,32
26128,37060023,2012-10-31 18:21:00,21095,21620,28655,40.68342741,-73.99094012, 'Jersey Shore' Store -- CRUSHED By Hurricane Sandy ,Infrastructure/Utilities,3,Brooklyn,DUMBO-Vinegar Hill-Downtown Brooklyn-Boerum Hill,32
25532,32946154,2012-10-31 14:32:00,141,247,3022,40.64255194,-74.01946553," I taught  what 'twerking' meant, so during #Sandy she kept saying saying the tree across the street was twerkin'! ",Infrastructure/Utilities,3,Brooklyn,Sunset Park West,33
25436,542802038,2012-10-31 13:53:00,114,94,520,40.6446172,-74.0144287," What a day: I was suppose to be flighting to DR, instead I'm driving to work for 40 minutes already.Normally it takes me 7 minutes... #Sandy ",Infrastructure/Utilities,3,Brooklyn,Sunset Park West,34
25256,47231863,2012-10-31 12:23:00,311,245,16687,40.64553199,-74.01238511," Trapped in Brooklyn for Halloween. Still no subways running. #hurricanesandy even th  Park, Brooklyn ",Infrastructure/Utilities,3,Brooklyn,Sunset Park West,35
28877,75665941,2012-11-01 23:09:00,12,111,126,40.6330713,-74.0234755, NY NJ local news needs 2 stop measuring gaslines + start asking oil co's why their franchisees aren't open in powered nabes #SandyNYC ,Infrastructure/Utilities,3,Brooklyn,Bay Ridge,45
25273,2707561,2012-10-31 12:32:00,794,365,1009,40.67518102,-73.97857851, BAD #traffic #brooklyn. All avenues in PS at capacity trying to get on Flatbush ; then to bridges #trafocalypse #sandy ,Infrastructure/Utilities,3,Brooklyn,Park Slope-Gowanus,47
26488,17887666,2012-10-31 20:46:00,1116,697,8997,40.67411368,-73.98233593," Hoorah! AMAZING! Trains will be up and running shortly. #NYC, you are badass.   #sandy ",Infrastructure/Utilities,3,Brooklyn,Park Slope-Gowanus,47
27676,2579761,2012-11-01 11:31:00,894,781,9250,40.67477882,-73.98121009,  need ur help w/attention 2 400 displaced ny sr citizens  Slope Armory on 15th  st in bkln only have 1/2 bagle p/p #sandy ,Infrastructure/Utilities,3,Brooklyn,Park Slope-Gowanus,47
27783,172119315,2012-11-01 13:20:00,308,1648,7978,40.6754005,-73.979923,  lines to get on the shuttle bus at Barclay's center. #insane #fusandy ,Infrastructure/Utilities,3,Brooklyn,Park Slope-Gowanus,47
27785,172119315,2012-11-01 13:21:00,308,1648,7978,40.6754005,-73.979923,  lines to get on the shuttle bus  center this morning. #insane #fusandy ,Infrastructure/Utilities,3,Brooklyn,Park Slope-Gowanus,47
28832,154676857,2012-11-01 22:48:00,648,534,6894,40.6758844,-73.97998098, The Hess gas station on 4th and Union has gas. And a lineup around 3 entire blocks. Cops keeping order. #sandy #parkslope ,Infrastructure/Utilities,3,Brooklyn,Park Slope-Gowanus,47
24435,591146162,2012-10-31 01:13:00,29,37,728,40.6260608,-74.0233991, Well #sandy past but terrible trees breaking. Also over 20 newborns were killed by a tree falling and a fire. ,Infrastructure/Utilities,3,Brooklyn,Bay Ridge,48
24444,591146162,2012-10-31 01:16:00,29,37,728,40.6260634,-74.0233678, #irene had its eye open and did not absorb as much wind as #sandy ,Infrastructure/Utilities,3,Brooklyn,Bay Ridge,48
26438,261356354,2012-10-31 20:27:00,1338,966,1212,40.67130907,-73.98723469, Sandy is makin for some screwed up traffic in btooklyn... ,Infrastructure/Utilities,3,Brooklyn,Park Slope-Gowanus,49
24657,555254276,2012-10-31 02:29:00,67,121,1346,40.6673317,-73.98766327, No work tomorrow margarita. Sandy's silver lining.   ,Infrastructure/Utilities,3,Brooklyn,Park Slope-Gowanus,50
27812,102202497,2012-11-01 13:39:00,6408,986,5920,40.6696836,-73.9785198, Power is expected to be restored to most of Manhattan by Friday. The rest by Saturday. Follow  for more news. #sandy ,Infrastructure/Utilities,3,Brooklyn,Park Slope-Gowanus,53
29343,34487176,2012-11-02 03:10:00,900,1133,14450,40.673468,-73.979361," Still here. #sandy #parkslope #brooklyn #tree Avenue and Garfield Place, Park Slope ",Infrastructure/Utilities,3,Brooklyn,Park Slope-Gowanus,54
26580,18417843,2012-10-31 21:14:00,466,1348,9007,40.61972338,-74.00205896,  Patients being evacuated from Bellevue Hospital as reserve power from generators near depletion   #sandy ,Infrastructure/Utilities,3,Brooklyn,Bensonhurst West,60
27432,143947937,2012-11-01 03:37:00,369,600,5333,40.68783785,-73.96559448," If you thought chinatown smelled funky on a hot day, try it after #hurricanesandy when the refrigeration has been out for three days ",Infrastructure/Utilities,3,Brooklyn,Clinton Hill,65
28490,23638990,2012-11-01 19:59:00,3945,230,2105,40.68747356,-73.96740159, Buses are lined up to make up for the subways that are down. Just caught this video clip riding home:   #sandy ,Infrastructure/Utilities,3,Brooklyn,Clinton Hill,65
27317,16164660,2012-11-01 02:26:00,304,1678,971,40.67341407,-73.95422253, #sandy did more harm to MTA than 9/11 attacks. If only we spent as much money on infrastructure and the environment as we did on security. ,Infrastructure/Utilities,3,Brooklyn,Crown Heights North,72
25812,231254086,2012-10-31 16:21:00,19,37,302,40.674756,-73.955396, Some more damage from #Sandy Our neighbors one block over! Two houses one tree. Everyone's ok.  Pl ,Infrastructure/Utilities,3,Brooklyn,Crown Heights North,74
26189,58904630,2012-10-31 18:49:00,275,354,5904,40.63782185,-73.99253243, BREAKING: Thursday's Knicks-Nets season opener at the Barclays Center is postponed due to the aftermath of Hurricane Sandy.,Infrastructure/Utilities,3,Brooklyn,Borough Park,75
27724,101639118,2012-11-01 12:31:00,60,177,813,40.64025402,-73.9947985, First #MTA commute post #HurricaneSandy - success!  (But I reverse-commute within Brooklyn...) ,Infrastructure/Utilities,3,Brooklyn,Borough Park,75
28293,155037570,2012-11-01 18:32:00,259,630,7044,40.68123634,-73.9544889, someone get the MTA some working magic markers! #SandyAid ,Infrastructure/Utilities,3,Brooklyn,Clinton Hill,76
27136,161746034,2012-11-01 00:49:00,469,476,30900,40.68672129,-73.95912928, No Cars Go RT: Glowing gridlock tonight on #NYC's 59th St. Bridge in aftermath of #Sandy. ,Infrastructure/Utilities,3,Brooklyn,Clinton Hill,77
27023,18733470,2012-10-31 23:57:00,617,600,14455,40.6834663,-73.9509845," Finally got out of NJ! Thank God. No heat, power, or cell service. Flooding still in NYC. #Sandy ",Infrastructure/Utilities,3,Brooklyn,Bedford,84
26856,917706672,2012-10-31 22:51:00,4,24,15,40.61920495,-73.99005018," Really Halloween in Manhattan! this after Hurricane Sandy, in no light ",Infrastructure/Utilities,3,Brooklyn,Bensonhurst West,90
26383,80196900,2012-10-31 20:05:00,2180,2157,10850,40.68972464,-73.94605364, Big old #tree down #hurricanesandy   Park ,Infrastructure/Utilities,3,Brooklyn,Bedford,96
25326,803610468,2012-10-31 13:01:00,447,568,11813,40.6908171,-73.93766505,  There is extensive electricity outage and a number of down trees in Canarsie Brooklyn ,Infrastructure/Utilities,3,Brooklyn,Stuyvesant Heights,108
27610,31503733,2012-11-01 07:26:00,281,292,554,40.6998549,-73.9414105," I live in brooklyn next to one of the elevated subway lines, first train just went by my window!    ",Infrastructure/Utilities,3,Brooklyn,Bushwick South,110
25162,200590570,2012-10-31 11:25:00,880,1059,17323,40.6801296,-73.9288947,  GM Christal Im in the NYC area so They b postpone Halloween due SANDY but Enjoy and you be safe#scaryfun ,Infrastructure/Utilities,3,Brooklyn,Crown Heights North,114
27372,504802866,2012-11-01 02:58:00,721,839,5652,40.5743881,-73.9900094, Damn walked a half mile to the store theirs still ppl with no power damn I feel their pain!! #HurricaneSandy what a bitch!!!! ,Infrastructure/Utilities,3,Brooklyn,Seagate-Coney Island,121
28442,114568116,2012-11-01 19:29:00,159,506,1972,40.67609124,-73.90688011," The Port of New York was opened for the shipping of fuel, officials said.   #sandy ",Infrastructure/Utilities,3,Brooklyn,Ocean Hill,130
24703,434046881,2012-10-31 02:48:00,449,309,18195,40.5922057,-73.9707361, How am I gonna live w/out phone and any power when my dad goes to work and takes our car till friday night??? #Sandy #Power ,Infrastructure/Utilities,3,Brooklyn,Homecrest,131
26479,434046881,2012-10-31 20:42:00,449,309,18195,40.5922031,-73.9707372," YES!!! WE HAVE POWER, I GET CHARGE MY PHONE))))) #Sandy ",Infrastructure/Utilities,3,Brooklyn,Homecrest,131
26596,22192666,2012-10-31 21:19:00,113,52,2626,40.59893937,-73.96957138," Dad: """"I was so afraid that the tree in front of the house was gonna fall on me."""" Me: """"That would've sucked."""" #HurricaneSandy ",Infrastructure/Utilities,3,Brooklyn,Homecrest,132
28015,49954809,2012-11-01 15:54:00,684,1053,13252,40.6987263,-73.9243947, What It Takes to Get the Internet Running After #Sandy ,Infrastructure/Utilities,3,Brooklyn,Bushwick South,146
28627,262254405,2012-11-01 21:09:00,651,426,4138,40.7007319,-73.9226073," TrannyRosebud TheFelchBot standing in front of a downed power line in Ridgewood, Queens. Hurricane Sandy in full effect ",Infrastructure/Utilities,3,Brooklyn,Bushwick North,150
24367,340697483,2012-10-31 00:50:00,108,169,6055,40.69861601,-73.91409178, The lady walking her dog w/her bf in Prospect Park that was hit by a tree was a teacher in my school. RIP Ms Kest #HurricaneSandy = -___- ,Infrastructure/Utilities,3,Brooklyn,Bushwick North,154
25850,340697483,2012-10-31 16:36:00,108,169,6055,40.69862978,-73.91400623, For my fellow New Yorkers: Do we have school tomorrow? #Stupid #HurricaneSandy. ,Infrastructure/Utilities,3,Brooklyn,Bushwick North,154
27883,340697483,2012-11-01 14:29:00,108,169,6055,40.69869737,-73.91420336, No school again today ; no school tomorrow! #HurricaneSandy aftermath ,Infrastructure/Utilities,3,Brooklyn,Bushwick North,154
26085,37036028,2012-10-31 18:03:00,519,340,8135,40.6954739,-73.91379651," Whelp, life is officially back to normal. School is scheduled to be open tomorrow but I don't know how I would get there. #SandyNYC ",Infrastructure/Utilities,3,Brooklyn,Bushwick North,156
26108,37036028,2012-10-31 18:13:00,521,340,8135,40.69530624,-73.91383285, L train is working-- however only between Broadway Junction and Far Rockaway. #SandyNYC #brooklyn #bushwick ,Infrastructure/Utilities,3,Brooklyn,Bushwick North,156
27954,241366141,2012-11-01 15:16:00,428,1158,1983,40.694672,-73.910419, #GetThereByBike_iPhoneApp just realized the only way to la Guardia is by bike from  Bushwick! #sandynyc ,Infrastructure/Utilities,3,Brooklyn,Bushwick North,156
28849,802568,2012-11-01 22:57:00,503,605,3446,40.61306,-73.96393585, Gridlock on a local block. Stay home. #sandy #gridlock  10th between Ave O ; N ,Infrastructure/Utilities,3,Brooklyn,Ocean Parkway South,161
26307,266340144,2012-10-31 19:33:00,149,120,16935,40.7017778,-73.9161242," """" The  has postponed Thursday's #Knicks - Nets game in Brooklyn due to Hurricane Sandy.""""  ",Infrastructure/Utilities,3,Brooklyn,Bushwick North,162
27722,123311912,2012-11-01 12:30:00,2096,414,3723,40.71279164,-73.94053311," After Hurricane Sandy, a Difficult Commute in New York ",Infrastructure/Utilities,3,Brooklyn,East Williamsburg,174
29034,144663725,2012-11-02 00:43:00,746,1232,6120,40.71342199,-73.94139824, There is a line of cars abandoned because people are trying to get gas from the station two blocks away #sandy ,Infrastructure/Utilities,3,Brooklyn,East Williamsburg,174
28960,18003437,2012-11-01 23:53:00,1920,1419,3949,40.72127007,-73.94536278," We are closed til Monday. "" #ny1sandy Updated subway, Metro-North ; LIRR services for Fri. morning: ",Infrastructure/Utilities,3,Brooklyn,Greenpoint,176
24491,284922450,2012-10-31 01:34:00,94,163,2003,40.63782083,-73.95887793, power outage finally got us. cutty sark vigil #residualSandyeffects   ,Infrastructure/Utilities,3,Brooklyn,Flatbush,185
24868,21261562,2012-10-31 04:07:00,205,310,2399,40.63768258,-73.95870353,  Power back at Newkirk and Ocean! #DitmasPark #Sandy ,Infrastructure/Utilities,3,Brooklyn,Flatbush,185
27822,14039452,2012-11-01 13:46:00,2553,1995,53787,40.638833,-73.961, Some pix coming showing damage in my hood from #HurricaneSandy - Tree Down ,Infrastructure/Utilities,3,Brooklyn,Flatbush,185
27832,14039452,2012-11-01 13:52:00,2551,1996,53795,40.635666,-73.966166, More #HurricaneSandy damage pix. Bigger tree down ,Infrastructure/Utilities,3,Brooklyn,Flatbush,187
27857,14039452,2012-11-01 14:07:00,2541,1988,53752,40.638333,-73.965999, One of the more dramatic after-results of #HurrincaneSandy - Car crush #Brooklyn #Ditmas ,Infrastructure/Utilities,3,Brooklyn,Flatbush,187
24858,329858815,2012-10-31 04:01:00,28,38,457,40.60568056,-73.95113429, Scariest 2 hours of my life #nopower #stupidsandy ,Infrastructure/Utilities,3,Brooklyn,Madison,199
26967,329858815,2012-10-31 23:30:00,28,38,457,40.60564568,-73.95116394, Yay. Gonna loose power again... But I thought sandy left.. #sandyleave #nopower ,Infrastructure/Utilities,3,Brooklyn,Madison,199
27084,418953275,2012-11-01 00:21:00,1273,685,2814,40.73096757,-73.95902616, Lower Manhattan Blackout #sandy   street waterfront ,Infrastructure/Utilities,3,Brooklyn,Greenpoint,202
25194,14428218,2012-10-31 11:50:00,756,1265,7595,40.72391369,-73.95107062, Bad start: first 62 after 10 mins passes despite room in back. No other in sight. #Sandy #MTA #FB ,Infrastructure/Utilities,3,Brooklyn,Greenpoint,205
27304,186668241,2012-11-01 02:21:00,2664,624,14367,40.72339923,-73.94909432,"  Without cable or Internet on my computer, your tweets are making my life. Thank you. #sandyaftermath ",Infrastructure/Utilities,3,Brooklyn,Greenpoint,207
24890,123360866,2012-10-31 04:16:00,446,618,2239,40.72335598,-73.94124985, Not so much for the tree #sandy  ,Infrastructure/Utilities,3,Brooklyn,Greenpoint,215
24972,86376182,2012-10-31 05:24:00,2889,531,18573,40.72384092,-73.93988261," Reading 'Blood Meridian' by the flickering glow of an oil lamp. Thanks for this, #Sandy. ",Infrastructure/Utilities,3,Brooklyn,Greenpoint,217
24246,24391008,2012-10-31 00:11:00,292,116,3924,40.58685478,-73.95217264," Petco is closed just in case you're wondering. #petco #sandy #hurricanesandy #nyc #ny #  Bay, NY ",Infrastructure/Utilities,3,Brooklyn,Sheepshead Bay-Gerritsen Beach-Manhattan Beach,221
24777,181329665,2012-10-31 03:15:00,86,88,1201,40.61793518,-73.93682098, Enjoying the black out #hurricane #hurricanesandy #digitalphotography #awesome #brooklyn #mar  park ,Infrastructure/Utilities,3,Brooklyn,Georgetown-Marine Park-Bergen Beach-Mill Basin,228
26632,19804671,2012-10-31 21:30:00,881,2026,3163,40.6569956,-73.9095188, It's the train to the bus for most of us tomorrow. Just glad to have service back so soon! #MTA #SandyAftermath ,Infrastructure/Utilities,3,Brooklyn,Brownsville,291
27550,28189478,2012-11-01 05:09:00,292,204,25661,40.6630218,-73.9032424, Is #Sandy the October Surprise? #Election2012 ,Infrastructure/Utilities,3,Brooklyn,Brownsville,292
25328,23471397,2012-10-31 13:02:00,10954,739,2011,40.6306633,-73.8976401, Yea ppl... #canarsie got hit hard by #hurricanesandy smh .. 4 houses on E 87 ; N #destroyed smh #  N ,Infrastructure/Utilities,3,Brooklyn,Canarsie,314
28519,74056648,2012-11-01 20:17:00,1451,684,7381,40.67691533,-73.88677614, No gas in the city.  Long lines are forming outside of every station to get what little is left. #Sandy ,Infrastructure/Utilities,3,Brooklyn,East New York,329
24223,29499166,2012-10-31 00:03:00,765,508,10337,40.64779198,-74.00373459, Lower Manhattan is still completely dark. Crazy. #Sandy   Park ,Infrastructure/Utilities,3,Brooklyn,Sunset Park East,670
24438,21595303,2012-10-31 01:14:00,1263,2113,1882,40.7246666,-73.95500183," Incredible view of Manhattan skyline, but spooky dark after #sandy  Hotel ",Infrastructure/Utilities,3,Brooklyn,Greenpoint,739
28803,127977093,2012-11-01 22:26:00,118,99,1855,40.72696442,-73.95298199," They're finally open again, yay! #sandycation ( YMCA w/ 3 others) ",Infrastructure/Utilities,3,Brooklyn,Greenpoint,739
27634,234498577,2012-11-01 09:53:00,219,519,4272,40.70732519,-73.95459625, I never thought I'd be so glad to hear a train outside my window at 6am!! #MTA #Sandy ,Infrastructure/Utilities,3,Brooklyn,North Side-South Side,760
27692,29339229,2012-11-01 11:52:00,1477,957,3870,40.70702829,-73.95500078,  The shuttle bus is mass pandamonium from Hewes St.  Ahhhh. #sandy #MTA ,Infrastructure/Utilities,3,Brooklyn,Williamsburg,761
27872,292973288,2012-11-01 14:23:00,232,527,549,40.70719512,-73.95799785, Got a seat on packed Hewes St shuttle (around the corner on Division). Traffic is terrible. Hope bus lanes work! #asknytimes #sandycommute ,Infrastructure/Utilities,3,Brooklyn,Williamsburg,761
27893,20101690,2012-11-01 14:39:00,775,477,3968,40.70700877,-73.95391762, that's just half the line #manhattancommute #sandy   Street ,Infrastructure/Utilities,3,Brooklyn,Williamsburg,761
27905,532373574,2012-11-01 14:46:00,37,13,842,40.7083748,-73.9578624, The #MTA have there 4 buses one after another and they are getting packed in seconds to go in to #manhaten # Sandy ,Infrastructure/Utilities,3,Brooklyn,Williamsburg,761
25602,22781838,2012-10-31 15:04:00,884,2084,14473,40.698081,-73.9463395,  Sandy did reign havoc literally I mean water in the train stations boats washing up on shore its crazy...word. ,Infrastructure/Utilities,3,Brooklyn,Bedford,772
24978,503882171,2012-10-31 05:30:00,296,131,11270,40.69395148,-73.97758407,  the only thing sandy took away from me that day was my wifi And boy was I pissed as hell wudnt even mind if my house got torned ,Infrastructure/Utilities,3,Brooklyn,Fort Greene,773
25000,503882171,2012-10-31 05:47:00,296,131,11270,40.69385078,-73.97761375, lmao yeah the news was our new thing this week I think class starts like next Monday yay thanks to SANDY BABY ;) ,Infrastructure/Utilities,3,Brooklyn,Fort Greene,773
28905,6392972,2012-11-01 23:26:00,50206,3695,72916,40.67578265,-73.89929707," My cabbie tells me out of his company's fleet of 100 only 5 cars are driving due to 2 day """"gas shortage"""" - """"Im fed up with this shit"""" #sandy ",Infrastructure/Utilities,3,Brooklyn,East New York,817
24258,28626988,2012-10-31 00:16:00,2710,2667,5453,40.67347806,-73.98262702, Beat thing about #sandy? All the local bars and restaurants are packed tonight #newyorkersrock ,Infrastructure/Utilities,3,Brooklyn,Park Slope-Gowanus,824
25182,15479600,2012-10-31 11:44:00,2597,977,12340,40.67620152,-73.90313016,"  hi we are flying on dl34 tomorrow from Newark, is our flight still on time and do we still have seat because of sandy ; backlog ",Infrastructure/Utilities,3,Brooklyn,Ocean Hill,825
25669,260238320,2012-10-31 15:31:00,166,306,750,40.65891434,-73.98762389," #NYOUTAGES As of 10:57AM there are 1,921,296 NY'ers w/o power #Sandy?_? ",Infrastructure/Utilities,3,Brooklyn,Windsor Terrace,856
25307,126118634,2012-10-31 12:47:00,6651,4988,10299,40.6437138,-73.9738224," B35 unloading, Church Ave./Ocean Parkway stop, #Brooklyn. #MTA #TASurface #NYCT #sandy ",Infrastructure/Utilities,3,Brooklyn,Kensington-Ocean Parkway,858
28664,170182372,2012-11-01 21:26:00,417,762,16949,40.64450455,-73.9753418, It is serious out here in BK for gas Lol smh. #HurricaneSandy #SandyWhy #LookWhatYouDidSa  Island Ave ,Infrastructure/Utilities,3,Brooklyn,Kensington-Ocean Parkway,858
24401,291910836,2012-10-31 00:59:00,454,2002,2587,40.68702108,-73.926254, Feel kinda useless post-#Sandy. School's closed. Wish I could lend a hand. ,Infrastructure/Utilities,3,Brooklyn,Stuyvesant Heights,870
25582,2609231,2012-10-31 14:58:00,1777,764,4127,40.678093,-73.976331," Traffic to Manhattan backed up into my Brooklyn neighborhood, 5 miles from midtown. #sandy ",Infrastructure/Utilities,3,Brooklyn,Park Slope-Gowanus,879
29093,2579761,2012-11-02 01:18:00,894,782,9249,40.66330757,-73.9831743," Ok, no gas at any of 5 gas stations on McGuiness Blvd in Greenpoint, had to pay $10 for 0.5 gallon to get to Park Slope #sandy ",Infrastructure/Utilities,3,Brooklyn,Park Slope-Gowanus,881
29196,22645329,2012-11-02 02:07:00,647,422,16811,40.66142377,-73.98764044, This is huge. Recent Top Stories: Can Facebook Army Supercharge Nonprofit Fundraising? First Test: Sandy ,Infrastructure/Utilities,3,Brooklyn,Park Slope-Gowanus,881
29288,24391008,2012-11-02 02:40:00,292,116,3933,40.66275534,-73.98528997, Trees are still falling days later. #sandy #hurricanesandy #nyc #ny #newyork #newyorkcity #Bro  Slope ,Infrastructure/Utilities,3,Brooklyn,Park Slope-Gowanus,881
26999,20521883,2012-10-31 23:46:00,329,238,826,40.662141,-73.994396, Street closed due to falling debris from a church #Sandy #Brooklyn #nyc  Christian Curch ,Infrastructure/Utilities,3,Brooklyn,Sunset Park West,882
27925,15917693,2012-11-01 14:59:00,773,472,3600,40.66199617,-73.98887973," Working remotely day three, with  #Sandy  Wolf ",Infrastructure/Utilities,3,Brooklyn,Sunset Park West,883
27352,778138225,2012-11-01 02:45:00,89,326,1768,40.6846115,-73.9201281, Lots of damage in the park across the street.  #sandy ,Infrastructure/Utilities,3,Brooklyn,Stuyvesant Heights,922
28319,322245515,2012-11-01 18:45:00,72,121,897,40.685848,-73.923098, Tree in front of the shop...  #hurricanesandy #sandy #hurricane #tattoo #tattoos #art  ,Infrastructure/Utilities,3,Brooklyn,Stuyvesant Heights,924
26450,122857238,2012-10-31 20:30:00,293,393,4818,40.68037268,-73.99118391," Yay, the subways are back tomorrow. Sort of... #nyc #hurricanesandy   Street ",Infrastructure/Utilities,3,Brooklyn,Carroll Gardens-Columbia Street-Red Hook,934
28663,22304602,2012-11-01 21:26:00,390,305,3756,40.68099102,-73.99511, Boys playing on a fallen tree during the aftermath of #Sandy in Carroll Park #CarrollGardens   Park ,Infrastructure/Utilities,3,Brooklyn,Carroll Gardens-Columbia Street-Red Hook,934
28673,22304602,2012-11-01 21:30:00,390,305,3756,40.68099102,-73.99511, A women sits near side a fallen tree in #carrollgardens park #sandy #brooklyn   Park ,Infrastructure/Utilities,3,Brooklyn,Carroll Gardens-Columbia Street-Red Hook,934
29079,751582111,2012-11-02 01:10:00,1132,543,1144,40.683032,-73.994949, Alternate side parking is still in effect. #sandy #hurricainesandy #Nyc ,Infrastructure/Utilities,3,Brooklyn,Carroll Gardens-Columbia Street-Red Hook,934
29121,889631240,2012-11-02 01:29:00,20,37,37,40.64299124,-73.99522526, gas station chooses who they want to sell to #blackout sandy #nogas #blackout #apocalyptic ,Infrastructure/Utilities,3,Brooklyn,Sunset Park East,941
26129,37060023,2012-10-31 18:22:00,21095,21620,28655,40.68286135,-73.9866259, 'Jersey Shore' Store -- CRUSHED By Hurricane Sandy ,Infrastructure/Utilities,3,Brooklyn,DUMBO-Vinegar Hill-Downtown Brooklyn-Boerum Hill,943
26411,22516901,2012-10-31 20:15:00,439,1703,759,40.68159182,-73.98160037, #SandyNYC Thanks  for this excellent time-lapse of the power outage: ,Infrastructure/Utilities,3,Brooklyn,DUMBO-Vinegar Hill-Downtown Brooklyn-Boerum Hill,944
26610,418404465,2012-10-31 21:24:00,360,514,4123,40.68894288,-73.98467885," Subway update: R, A, C, L, 7 train tunnels still flooded #sandy",Infrastructure/Utilities,3,Brooklyn,DUMBO-Vinegar Hill-Downtown Brooklyn-Boerum Hill,1003
28239,20940614,2012-11-01 17:56:00,22387,2523,55099,40.691956,-73.988634, MTA buses up and running in Brooklyn from the Jay St. Metrotech. #Sandy #HurricaneSandy ,Infrastructure/Utilities,3,Brooklyn,DUMBO-Vinegar Hill-Downtown Brooklyn-Boerum Hill,1003
28260,16843573,2012-11-01 18:14:00,102,190,2336,40.69202926,-73.98888911, people are waiting in a line 14 block long for gas in front of my apt. #sandy ,Infrastructure/Utilities,3,Brooklyn,DUMBO-Vinegar Hill-Downtown Brooklyn-Boerum Hill,1003
29061,97685702,2012-11-02 00:59:00,41,64,1437,40.69047,-73.98527, Eerily dark manhattan skyline. #sandy   Promenade ,Infrastructure/Utilities,3,Brooklyn,DUMBO-Vinegar Hill-Downtown Brooklyn-Boerum Hill,1003
27715,126118634,2012-11-01 12:22:00,6632,4988,10283,40.685974,-73.9793385, Closeup of #busbridge shuttle bus.  #nyc #aftersandy ,Infrastructure/Utilities,3,Brooklyn,DUMBO-Vinegar Hill-Downtown Brooklyn-Boerum Hill,1004
27714,126118634,2012-11-01 12:22:00,6632,4988,10283,40.685974,-73.9793385, Supervision trying to lead passengers onto the #busbridge from Barclay's to Midtown. #aftersandy #nyc #brooklyn ,Infrastructure/Utilities,3,Brooklyn,DUMBO-Vinegar Hill-Downtown Brooklyn-Boerum Hill,1004
27718,126118634,2012-11-01 12:25:00,6632,4988,10283,40.685974,-73.9793385, Aboard #busbridge shuttle. We are packed but everyone is keeping occupied with smartphones. #aftersandy #nyc #transit ,Infrastructure/Utilities,3,Brooklyn,DUMBO-Vinegar Hill-Downtown Brooklyn-Boerum Hill,1004
25489,132573703,2012-10-31 14:14:00,359,333,11296,40.66807067,-73.92432575, I really want to go to work today!!  To bad my studio is still off the grid. #Sandy ,Infrastructure/Utilities,3,Brooklyn,Crown Heights North,1017
24377,73801315,2012-10-31 00:53:00,6,58,323,40.71437618,-73.94831153, Lights out in Manhattan after Hurricaine Sandy. ,Infrastructure/Utilities,3,Brooklyn,East Williamsburg,1064
24463,73801315,2012-10-31 01:25:00,6,58,323,40.71449484,-73.94837009, Like a boss looking over it's city after Hurricaine Sandy shut the lights out. ,Infrastructure/Utilities,3,Brooklyn,East Williamsburg,1064
27485,227479395,2012-11-01 04:10:00,730,912,7217,40.7150116,-73.95160675, Here's why #NYC has #NoPower: The #ConEdison #powerplant #explosion photo #slideshow. #Sandy ,Infrastructure/Utilities,3,Brooklyn,East Williamsburg,1064
28984,22660162,2012-11-02 00:10:00,2724,279,2403,40.71415622,-73.9507048, With so many out in the cold and dark tonight and this weekend holding the  is IMMORAL. Reconsider  #Sandy ,Infrastructure/Utilities,3,Brooklyn,East Williamsburg,1064
26532,387753516,2012-10-31 21:00:00,263,387,398,40.69254206,-73.9714364, Mayor #Bloomberg announces that Manhattan ; Brooklyn bridges open to cars w/ 3 or more ppl only. That's some smart #urbanplanning. #sandy ,Infrastructure/Utilities,3,Brooklyn,Fort Greene,1066
25991,419630577,2012-10-31 17:25:00,349,783,1732,40.69362416,-73.97197896, Thank you for the quick installation of buses from BK to Manhattan. Can't get a cab in Ft Greene. #NYCTransit #sandy ,Infrastructure/Utilities,3,Brooklyn,Fort Greene,1068
24599,134955740,2012-10-31 02:08:00,769,563,1435,40.73173043,-73.96118402, Blacked Out NYC #hurricanesandy #blackout #empirestate   Waterfront ,Infrastructure/Utilities,3,Brooklyn,Greenpoint,1075
28918,21801129,2012-11-01 23:31:00,371,1132,966,40.73173043,-73.96118402, Yes that's lower Manhattan in the dark (wish I had my DSLR) Hurricane #Sandy #NYC  Waterfront ,Infrastructure/Utilities,3,Brooklyn,Greenpoint,1075
24660,45150574,2012-10-31 02:29:00,2152,981,20577,40.68831,-73.9974,"  I don't even have cable and or computer internet, that crazy  sandy messed it up. ",Infrastructure/Utilities,3,Brooklyn,Carroll Gardens-Columbia Street-Red Hook,1077
24805,97925119,2012-10-31 03:33:00,472,560,3989,40.68613791,-73.99412155," My old highschool train stop, shyt od #sandy #hurricane #mta #storm #brooklyn   Hill ",Infrastructure/Utilities,3,Brooklyn,Carroll Gardens-Columbia Street-Red Hook,1077
25799,20940614,2012-10-31 16:14:00,22355,2515,54882,40.68797,-73.995515, Many streets around Cobble Hill ; Brooklyn Heights still impassable - Baltic St  St. #Sandy #HurricaneSandy ,Infrastructure/Utilities,3,Brooklyn,Carroll Gardens-Columbia Street-Red Hook,1077
26362,20940614,2012-10-31 19:59:00,22388,2523,55093,40.686671,-73.997303," Devestated Red Hook, Brooklyn relief drive  school yard in less-affected Cobble Hill. #HurricaneSandy #Sandy ",Infrastructure/Utilities,3,Brooklyn,Carroll Gardens-Columbia Street-Red Hook,1077
28609,20940614,2012-11-01 21:01:00,22353,2514,54859,40.68673294,-73.99709662, Many thru-out NYC getting desperate-friend just texted- battery almost dead- walked down 15 flights 2x today ; still no food ; water #Sandy ,Infrastructure/Utilities,3,Brooklyn,Carroll Gardens-Columbia Street-Red Hook,1077
29183,22682422,2012-11-02 02:05:00,735,1781,18712,40.68613791,-73.99412155," #HurricaneSandy takes out a car, a sidewalk and a through street in BK  Hill ",Infrastructure/Utilities,3,Brooklyn,Carroll Gardens-Columbia Street-Red Hook,1077
25389,109550639,2012-10-31 13:33:00,268,49,3250,40.64994532,-74.00345025, Having to work from home today. Looks like I didn't escape #Sandy unscathed after all. ,Infrastructure/Utilities,3,Brooklyn,Sunset Park East,1080
25401,109550639,2012-10-31 13:37:00,268,49,3250,40.64991914,-74.0034537, In #NYC and thinking of taking the #bus anywhere? Guess again. Traffic is a mess ; #mta #buses are packed ; rarely stopping. #Sandy ,Infrastructure/Utilities,3,Brooklyn,Sunset Park East,1080
25824,109550639,2012-10-31 16:25:00,267,49,3247,40.64994412,-74.00345248, Ahhhhh! The phone lines are down and now I can't order Chinese for lunch!! Damn you #Sandy!!! ,Infrastructure/Utilities,3,Brooklyn,Sunset Park East,1080
25883,15701519,2012-10-31 16:46:00,15760,16070,2789,40.647366,-73.974538," Beautiful sunny day in #brooklyn, too bad #coned still hasn't fixed the lower manhattan power outage from #sandy ",Infrastructure/Utilities,3,Brooklyn,Windsor Terrace,1110
29205,62159830,2012-11-02 02:10:00,55,313,1402,40.6506951,-73.9730094," """" #ny1sandy The WCS New York Aquarium provided NY1 with photos of the damage done by Sandy:   heart=broken ",Infrastructure/Utilities,3,Brooklyn,Windsor Terrace,1110
25258,87468403,2012-10-31 12:24:00,172,210,1919,40.73155142,-73.95412309, Truck destroys scaffolding at #greenpoint C-Town. Sources say drivers name was Sandy. #sandy ,Infrastructure/Utilities,3,Brooklyn,Greenpoint,1115
29176,186668241,2012-11-02 02:03:00,2663,624,14329,40.73019219,-73.95145605, McGuinness Blvd is shut down and blocked off so hundreds of cars can get gas... creepy. #sandyaftermath ,Infrastructure/Utilities,3,Brooklyn,Greenpoint,1115
27048,22883726,2012-11-01 00:03:00,39235,7650,24375,40.72983457,-73.9508763," LaGuardia joins the """"partially open"""" list tomorrow. #LGA #ny1sandy ",Infrastructure/Utilities,3,Brooklyn,Greenpoint,1116
24529,28231866,2012-10-31 01:44:00,512,351,2541,40.7133233,-73.9588138, Relocated to Brooklyn. Because the blackout isn't as fun as RPDR. #SANDY ,Infrastructure/Utilities,3,Brooklyn,North Side-South Side,1127
25690,27697744,2012-10-31 15:37:00,154,92,455,40.67918214,-73.97174647," Left the house 90 minutes ago to get a cab to work, found one... Guess who is still in Brooklyn. #woof #sandy #firstworldhurricaneproblems ",Infrastructure/Utilities,3,Brooklyn,Prospect Heights,1159
27148,18247274,2012-11-01 00:54:00,1309,1457,24623,40.6686559,-73.9513486, It's back to business as usual for some New Yorkers. #Sandy ,Infrastructure/Utilities,3,Brooklyn,Crown Heights South,1168
29164,21778001,2012-11-02 01:56:00,207,67,1950,40.66788732,-73.9513," Sorry #Sandy, bike, heat, hot water, power, and general state of home are fine. Thanks for not stickin' it to us po' folks this time. ",Infrastructure/Utilities,3,Brooklyn,Crown Heights South,1168
27933,90070750,2012-11-01 15:05:00,870,869,2125,40.6809811,-73.9805962,  has been surprisingly more useful to me for post #Sandy power outage/Manhattan updates than anything else. ,Infrastructure/Utilities,3,Brooklyn,Park Slope-Gowanus,1178
28065,27784462,2012-11-01 16:20:00,1352,754,37232,40.68261418,-73.97635687, At  waiting in this long line for bus service to Manhattan. #nycsubway #brooklyn #nyc #sandy ,Infrastructure/Utilities,3,Brooklyn,Park Slope-Gowanus,1178
26416,40283297,2012-10-31 20:19:00,92,185,217,40.68312,-73.975979, Sandy done ruined the Nets vs. Knicks season opener tomorrow! B*tches!!! Lmao!  Center ,Infrastructure/Utilities,3,Brooklyn,Park Slope-Gowanus,1179
27705,24786220,2012-11-01 12:10:00,236,322,42485,40.68312,-73.975979, 1hr plus line for bus to #Manhattan thanks  #Sandy   Center ,Infrastructure/Utilities,3,Brooklyn,Park Slope-Gowanus,1179
27713,126118634,2012-11-01 12:21:00,6632,4988,10283,40.6824559,-73.976201, Aboard a #busbridge shuttle at Barclay's. #aftersandy #brooklyn #nyc ,Infrastructure/Utilities,3,Brooklyn,Park Slope-Gowanus,1179
27729,9508442,2012-11-01 12:35:00,103,67,1486,40.68312,-73.975979," Jay-Z in town? No, just a line for the bus. #sandy #commute   Center ",Infrastructure/Utilities,3,Brooklyn,Park Slope-Gowanus,1179
27771,30685339,2012-11-01 13:10:00,1869,1414,28523,40.68312,-73.975979, The winding line for manhattan bound shuttle buses at Barclays. #sandy #NYC  Center ,Infrastructure/Utilities,3,Brooklyn,Park Slope-Gowanus,1179
27804,30685339,2012-11-01 13:32:00,1867,1416,28536,40.68183333,-73.97483333," OMF, you guys... The line is actually snaking ALL THE WAY AROUND THE BARCLAYS!!! #Sandy ",Infrastructure/Utilities,3,Brooklyn,Park Slope-Gowanus,1179
27913,19164437,2012-11-01 14:54:00,260,358,724,40.680209,-73.977888, Long line for the Manhattan shuttle at #BarclaysCenter. Est. wait of at least 2 hrs for a bus. #SandyNYC ,Infrastructure/Utilities,3,Brooklyn,Park Slope-Gowanus,1179
28684,15298019,2012-11-01 21:35:00,439,263,12347,40.68312,-73.975979, Flatbush Ave is a line of buses from the park to the Barclays Center. #Sandy #MTA #NYC   Center ,Infrastructure/Utilities,3,Brooklyn,Park Slope-Gowanus,1179
25921,125070497,2012-10-31 17:00:00,43,92,204,40.709519,-73.939971, Power still out east of West street downtown. Crossing the street is dangerous #sandy #ConEd ,Infrastructure/Utilities,3,Brooklyn,Bushwick South,1181
25713,15724064,2012-10-31 15:46:00,401,265,2376,40.70728709,-73.94034863, Artisanal donuts are back. Sign of recovery. #Sandy #NYC #halloween  Doughnuts ,Infrastructure/Utilities,3,Brooklyn,Bushwick South,1201
27848,24785417,2012-11-01 14:02:00,516,347,3425,40.69983726,-73.92585421, Day 4 off work ; stranded in Bushwick. Starting to get creative with my activities - and getting to know my neighborhood very well. #sandy ,Infrastructure/Utilities,3,Brooklyn,Bushwick South,1223
28227,2358531,2012-11-01 17:50:00,3353,2094,14479,40.69910165,-73.98597023, Manhattan bus to Barclays Center: 55th  to the arena in about an hour. Filled up! #Sandy ,Infrastructure/Utilities,3,Brooklyn,DUMBO-Vinegar Hill-Downtown Brooklyn-Boerum Hill,1279
25839,26650168,2012-10-31 16:31:00,171,230,1735,40.6955332,-73.9360368, Are busses crossing the bridges into Manhattan? How do I get to work? #MTA#new York #sandy ,Infrastructure/Utilities,3,Brooklyn,Stuyvesant Heights,1309
24953,80196900,2012-10-31 05:06:00,2180,2156,10850,40.69367,-73.93066,  internet is down due to #sandy and all my dvds are in the basement except th  de la Disgracia ,Infrastructure/Utilities,3,Brooklyn,Stuyvesant Heights,1310
27071,22226360,2012-11-01 00:14:00,611,1069,19305,40.695232,-73.930482, 1WTC in the darkness of Lower Manhattan. #Sandy ,Infrastructure/Utilities,3,Brooklyn,Bushwick South,1311
27555,22226360,2012-11-01 05:15:00,611,1069,19305,40.69516109,-73.93079905, Did a midnight run of the East River to check the #Sandy blackout. Pics to follow. ,Infrastructure/Utilities,3,Brooklyn,Bushwick South,1311
27280,117226256,2012-11-01 02:13:00,289,304,3581,40.69106846,-73.95464253, No school until Monday. #Sandy ,Infrastructure/Utilities,3,Brooklyn,Bedford,1319
24817,180719963,2012-10-31 03:41:00,269,761,1493,40.699033,-73.955842, Williamsburg bridge #sandy #dark ,Infrastructure/Utilities,3,Brooklyn,Bedford,1320
29203,24391008,2012-11-02 02:09:00,291,116,3924,40.58030779,-74.00325818, This is the left side of the coney island pier post #sandy . It folded over on itself like Pa  Island ,Infrastructure/Utilities,3,Brooklyn,Seagate-Coney Island,1328
28671,18247274,2012-11-01 21:29:00,1308,1457,24622,40.6517432,-73.9531981," My commute to work may have been smooth, but I have a funny feeling about my commute home. I knew I should have worn my sneakers. #Sandy ",Infrastructure/Utilities,3,Brooklyn,Prospect Lefferts Gardens-Wingate,1335
29130,129691347,2012-11-02 01:32:00,1796,853,7965,40.676399,-73.951874, Rescuing #Jen then off to RI! #nopowerinLES #gottagetouttahere #sandy   ,Infrastructure/Utilities,3,Brooklyn,Crown Heights North,1339
25765,14830673,2012-10-31 16:04:00,840,887,12344,40.69156527,-73.96533401," My place had Internet yesterday, but lost it since last night.... Didn't #Sandy already pass?! ",Infrastructure/Utilities,3,Brooklyn,Clinton Hill,1340
27772,161746034,2012-11-01 13:11:00,467,476,30878,40.68675623,-73.95917057,  the struggle for power is real in Murray hill. #hurricanesandy #powerless  ,Infrastructure/Utilities,3,Brooklyn,Bedford,1341
24445,14769239,2012-10-31 01:16:00,5669,2353,20314,40.69829138,-73.9966321, Lower Manhattan still blacked out because of #Sandy.  Heights Promenade ,Infrastructure/Utilities,3,Brooklyn,Brooklyn Heights-Cobble Hill,1344
26505,176986008,2012-10-31 20:51:00,211,124,3207,40.69818211,-73.99602022, Getting to charge my phone and take a hot shower #bestday #Sandy ,Infrastructure/Utilities,3,Brooklyn,Brooklyn Heights-Cobble Hill,1344
26834,121159019,2012-10-31 22:45:00,368,103,1314,40.69829138,-73.9966321, Downtown Manhattan 2 days after #sandy still in dark.    Heights Promenade ,Infrastructure/Utilities,3,Brooklyn,Brooklyn Heights-Cobble Hill,1344
26955,3305991,2012-10-31 23:24:00,4340,1056,18588,40.69829138,-73.9966321, Still no lights on the other side #manhattan #nyc #halloween #sandy   Heights Promenade ,Infrastructure/Utilities,3,Brooklyn,Brooklyn Heights-Cobble Hill,1344
27277,5539922,2012-11-01 02:11:00,253,515,1243,40.69522104,-73.99844922, An eerie skyline on Halloween. #sandy #nyc #downtownisdark  Bridge Park Pier 5 ,Infrastructure/Utilities,3,Brooklyn,Brooklyn Heights-Cobble Hill,1344
29007,19721743,2012-11-02 00:27:00,245,696,3285,40.696263,-73.997358, Lights out on Lower Manhattan #sandy   Playground ,Infrastructure/Utilities,3,Brooklyn,Brooklyn Heights-Cobble Hill,1344
29116,46146298,2012-11-02 01:27:00,96,266,5614,40.69829138,-73.9966321, Lower Manhattan from the Brooklyn Heights Promenade #sandy #blackout   Heights Promenade ,Infrastructure/Utilities,3,Brooklyn,Brooklyn Heights-Cobble Hill,1344
24999,909333668,2012-10-31 05:46:00,118,128,868,40.63767,-73.98379, I need 2 take a shower but we have no electric because of SANDY. dose some 1 have 1 that I can use ,Infrastructure/Utilities,3,Brooklyn,Borough Park,1359
25011,909333668,2012-10-31 05:55:00,118,128,868,40.63767,-73.98379, My house will be open tomorrow mornig at 9:00 after it was closed b cause of sandy ,Infrastructure/Utilities,3,Brooklyn,Borough Park,1359
29410,194350030,2012-11-02 03:58:00,65,102,525,40.64585915,-73.98483891, Who can suggest a place to volunteer in bk tomorrow? #volunteer #brooklyn #HurricaneSandy #relief ,Infrastructure/Utilities,3,Brooklyn,Kensington-Ocean Parkway,1365
24686,322760944,2012-10-31 02:41:00,28,169,138,40.63004223,-74.02755361, Well..least the scaffolding didn't fall....? #sandy #bayridge #brooklyn #nyc  Ridge ,Infrastructure/Utilities,3,Brooklyn,Bay Ridge,1367
28920,317451752,2012-11-01 23:31:00,170,212,3916,40.62493044,-74.02600355, Going thru the city last night felt so surreal like a video game. Lower Manhattan all black due to the power outage #Sandy #hurricanesandy ,Infrastructure/Utilities,3,Brooklyn,Bay Ridge,1368
24882,71473237,2012-10-31 04:12:00,379,482,13762,40.59703532,-73.97917776, The aftermath of Hurricane Sandy #hurricane #hurricanesandy #mta #aveu #ntrain   Subway - Avenue U (N) ,Infrastructure/Utilities,3,Brooklyn,Bensonhurst East,1373
24257,368770318,2012-10-31 00:15:00,430,255,361,40.63171584,-73.99690191,  please keep updating your family via #twitter how your doing in the #blackout in monroe #Sandy #Hurricane #Rescue  ,Infrastructure/Utilities,3,Brooklyn,Borough Park,1378
27681,19774166,2012-11-01 11:36:00,522,1344,11122,40.64361311,-73.97075234, No #Gas here!!!! :( #GasChaser #PostSandy #iSurvivedSandy aka #FrankenStorm2012 ( Gas Station) ,Infrastructure/Utilities,3,Brooklyn,Kensington-Ocean Parkway,1400
25555,242539468,2012-10-31 14:44:00,1563,421,91712,40.6364834,-73.9510081, Jesus Photos showing damage to the MTA New York City Transit system in the aftermath of Hurricane#Sandy ,Infrastructure/Utilities,3,Brooklyn,Flatbush,1438
26732,14528215,2012-10-31 22:05:00,570,398,1817,40.72718133,-73.94419304, We are escaping to Brooklyn tomorrow or Friday. Power should be back on by Sunday. Fingers crossed. #Sandy ,Infrastructure/Utilities,3,Brooklyn,Greenpoint,1470
24691,133608977,2012-10-31 02:43:00,6266,155,33947,40.584979,-73.934132, #Blackout in #Brooklyn ! #Sandy ,Infrastructure/Utilities,3,Brooklyn,Sheepshead Bay-Gerritsen Beach-Manhattan Beach,1481
29455,274789513,2012-11-02 04:44:00,1208,70,2588,40.58532451,-73.93535352, Cars in our garage #fucksandy   Avenue ,Infrastructure/Utilities,3,Brooklyn,Sheepshead Bay-Gerritsen Beach-Manhattan Beach,1481
29366,95108775,2012-11-02 03:22:00,40,102,1567,40.58400628,-73.92945434,  anyway red eye fans hit by Sandy can get the old #redeye shows we miss somewhere if we ever get power back? I miss you guys! ,Infrastructure/Utilities,3,Brooklyn,park-cemetery-etc-Brooklyn,1482
25375,7595002,2012-10-31 13:29:00,1658,1332,12560,40.697395,-73.992652, Something I've never seen before: New Yorkers car pooling! That'll be a trend for at least a week I bet #brooklyn #sandy ,Infrastructure/Utilities,3,Brooklyn,Brooklyn Heights-Cobble Hill,1488
25388,13785642,2012-10-31 13:33:00,245,331,667,40.703298,-73.990938," Sweeney is still pumping, so sorry for all basement apt. residents #dumbo #sandy #brookly  Building ",Infrastructure/Utilities,3,Brooklyn,DUMBO-Vinegar Hill-Downtown Brooklyn-Boerum Hill,1489
25423,16229633,2012-10-31 13:47:00,1077,252,22469,40.70311276,-73.98976918, Good morning from manhattan w/no power water or much to do on full day2 of no juice #HurricaneSandy ,Infrastructure/Utilities,3,Brooklyn,DUMBO-Vinegar Hill-Downtown Brooklyn-Boerum Hill,1489
25493,174450940,2012-10-31 14:15:00,1281,2061,5683,40.70154,-73.98764, Brooklyn Bridge traffic. #sandy #blackout ,Infrastructure/Utilities,3,Brooklyn,DUMBO-Vinegar Hill-Downtown Brooklyn-Boerum Hill,1489
25647,1934691,2012-10-31 15:23:00,198,814,10028,40.702345,-73.9906849, Very crowded. Post-Sandy craziness. ( w/ 2 others) ,Infrastructure/Utilities,3,Brooklyn,DUMBO-Vinegar Hill-Downtown Brooklyn-Boerum Hill,1489
26212,14220825,2012-10-31 19:00:00,517,444,7377,40.70156643,-73.98887973, Postponed. A first game loss to the #Knicks will have to wait! #hurricanesandy #aftermath #mt  NY ,Infrastructure/Utilities,3,Brooklyn,DUMBO-Vinegar Hill-Downtown Brooklyn-Boerum Hill,1489
26230,14797783,2012-10-31 19:04:00,79,237,2165,40.70156643,-73.98887973, A tree falls in Brooklyn. Live pic. #brooklyn #nyc #sandynyc #sandy   NY ,Infrastructure/Utilities,3,Brooklyn,DUMBO-Vinegar Hill-Downtown Brooklyn-Boerum Hill,1489
26282,176765234,2012-10-31 19:23:00,450,444,1164,40.70298888,-73.98432006, Manhattan bridge and the flooded East River #sandy #hurricane #nyc   Brooklyn ,Infrastructure/Utilities,3,Brooklyn,DUMBO-Vinegar Hill-Downtown Brooklyn-Boerum Hill,1489
27117,390342113,2012-11-01 00:33:00,211,379,1822,40.702541,-73.98825229, Entering complete darkness with  from 38th street on. #HurricaneSandy #aftermath #walking home ,Infrastructure/Utilities,3,Brooklyn,DUMBO-Vinegar Hill-Downtown Brooklyn-Boerum Hill,1489
28082,20802652,2012-11-01 16:31:00,401,1081,6963,40.702495,-73.988499, Getting this sandwich ; walking back to my cable/Internetless apt is almost just like being in Mexico. f-u Sandy!!! ,Infrastructure/Utilities,3,Brooklyn,DUMBO-Vinegar Hill-Downtown Brooklyn-Boerum Hill,1489
28731,16898822,2012-11-01 21:53:00,112,227,2192,40.70398289,-73.99047803, Where the sandy water line got up to in DUMBO right next to my office!  Brooklyn ,Infrastructure/Utilities,3,Brooklyn,DUMBO-Vinegar Hill-Downtown Brooklyn-Boerum Hill,1489
24262,2579761,2012-10-31 00:18:00,894,782,9249,40.72082679,-73.96335703," Back from operation grandma be , rockaway looks terrible, homes destroyed, H2O filled up 1stfl,belt pkwy damaged, sad 2c this #sandy ",Infrastructure/Utilities,3,Brooklyn,North Side-South Side,1491
24562,17189865,2012-10-31 01:53:00,96,101,661,40.71880084,-73.95965818, half the manhattan goes dark #instacane #blackout #Sandy ,Infrastructure/Utilities,3,Brooklyn,North Side-South Side,1491
24852,21853213,2012-10-31 03:57:00,157,137,227,40.72024162,-73.96436989, Eerie view across the East River of Manhattan half in darkness thanks to #sandy   5th St Pier ,Infrastructure/Utilities,3,Brooklyn,North Side-South Side,1491
24984,127911517,2012-10-31 05:35:00,268,87,4269,40.71897,-73.959592, Just witnessed a cyclist crash straight into a moving car's driver side #sandy ,Infrastructure/Utilities,3,Brooklyn,North Side-South Side,1491
25649,15917693,2012-10-31 15:24:00,772,472,3599,40.718755,-73.961134, No internet in Boerum Hill. Office closed in the city. No subways anyway. Thanks  for taking me in. #Sandy ,Infrastructure/Utilities,3,Brooklyn,North Side-South Side,1491
27020,79325581,2012-10-31 23:57:00,705,1995,5074,40.72042906,-73.96418622, Bridge to darkness #nyc #sandy  Promenade ,Infrastructure/Utilities,3,Brooklyn,North Side-South Side,1491
27416,87094557,2012-11-01 03:28:00,274,829,1301,40.71948103,-73.96396812, #williamsburg bridge 1/2 lit tonight. #sandy   Piers ,Infrastructure/Utilities,3,Brooklyn,North Side-South Side,1491
28450,25393101,2012-11-01 19:34:00,171,254,952,40.71749972,-73.96317111, A zillion channels and nothing is on #stircrazy #HurricaneSandy #getmeouttahere ,Infrastructure/Utilities,3,Brooklyn,North Side-South Side,1491
28679,14755974,2012-11-01 21:32:00,691,565,15761,40.71924855,-73.96171813, Aimee! Postponed til #Halloween cuz of #sandy ... #live #music #brooklyn #nyc   Hall of Williamsburg ,Infrastructure/Utilities,3,Brooklyn,North Side-South Side,1491
24316,74062928,2012-10-31 00:35:00,245,383,4076,40.63783192,-74.01830181, I have no Internet and I've realized it's not even a big deal. #sandy can teach us to be grateful for what we do have.... ,Infrastructure/Utilities,3,Brooklyn,Sunset Park West,1516
24961,52791093,2012-10-31 05:12:00,178,247,7018,40.5902181,-73.9926817, Managed to get the car out of the garage before it filled up like an aquarium. #hurricaneSandy ,Infrastructure/Utilities,3,Brooklyn,Bensonhurst East,1552
26871,393895898,2012-10-31 22:56:00,110,276,1163,40.59309986,-73.99583518, Ummmm no #gas in #brooklyn wow shit just got real #sandy #HurricaneSandy ,Infrastructure/Utilities,3,Brooklyn,Bensonhurst East,1552
28041,731564102,2012-11-01 16:11:00,1186,1811,30904,40.59612641,-73.98193167, Ughhhh why can't there be any gas stations !! I have to wear a dress or something and it's too cold to commute in one  #fuckyousandy ,Infrastructure/Utilities,3,Brooklyn,Bensonhurst East,1557
24675,148620663,2012-10-31 02:36:00,188,199,11549,40.688114,-73.97931, #coned shut off power to multiple networks in #statenisland and #brooklyn bc of transmission damage. working on it now.. #sandy #poweroutage ,Infrastructure/Utilities,3,Brooklyn,Fort Greene,1613
26666,134955740,2012-10-31 21:46:00,770,563,1439,40.68958939,-73.97537833," A Tree Falls In Brooklyn! #hurricanesandy #bitch #brooklyn  Greene, Brooklyn ",Infrastructure/Utilities,3,Brooklyn,Fort Greene,1613
27398,281710892,2012-11-01 03:13:00,253,634,3405,40.68800681,-73.97601999, Time Warner is having difficulty with their Internet and I have homework to do with no school. Thank you hurricane Sandy ,Infrastructure/Utilities,3,Brooklyn,Fort Greene,1613
28369,250550877,2012-11-01 18:55:00,72,61,4012,40.63440321,-73.91927434, Going to check on my job during my day off to see if I have a job lol. #sandyapocalypse ,Infrastructure/Utilities,3,Brooklyn,Flatlands,1615
26190,960671,2012-10-31 18:49:00,306,310,2188,40.655195,-73.88955597, Finally made it to the office! #sandy ( Web Solutions) ,Infrastructure/Utilities,3,Brooklyn,East New York,1616
28756,117180920,2012-11-01 22:04:00,10,70,282,40.645387,-73.8975545, day 4 without power thank you #sandy ,Infrastructure/Utilities,3,Brooklyn,Canarsie,1625
27494,396135300,2012-11-01 04:16:00,161,161,5198,40.669652,-73.9102581, After what I just encountered I'm cutting niggas off like Sandy cut off niggas lights. ,Infrastructure/Utilities,3,Brooklyn,Brownsville,1637
26377,131286673,2012-10-31 20:02:00,1284,712,90962,40.64516012,-73.87964565, School Closed Tomorrow ; Friday! ; No School Tuesday! Thank You Sandy. ,Infrastructure/Utilities,3,Brooklyn,Starrett City,1696
27600,25869076,2012-11-01 06:49:00,780,2250,12400,40.69264815,-73.90515007," My yard after Sandy in Far Rockaway, NY (420 B 29th)  Deli ; Mini Market ",Infrastructure/Utilities,3,Brooklyn,Bushwick North,1734
27601,25869076,2012-11-01 06:52:00,781,2248,12417,40.69264815,-73.90515007," Wall Destroyed by Sandy in Far Rockaway, NY B 29th Street  Deli ; Mini Market ",Infrastructure/Utilities,3,Brooklyn,Bushwick North,1734
27602,25869076,2012-11-01 07:01:00,780,2251,12362,40.69264815,-73.90515007," Sandy Brings Ocean and Bays water 3ft above my 5ft gate in Far Rockaway, NY (420 B   Deli ; Mini Market ",Infrastructure/Utilities,3,Brooklyn,Bushwick North,1734
27996,25869076,2012-11-01 15:43:00,780,2250,12400,40.69253566,-73.90674837," My home under water at 420 beach 29th Street, shot from my window during Sandy's attack, 5ft tall gate water 10ft ",Infrastructure/Utilities,3,Brooklyn,Bushwick North,1735
28014,25869076,2012-11-01 15:54:00,781,2248,12417,40.69256854,-73.90683619,"  my front yard after Sandy 420 Beach 29th Street, Ocean garbage ",Infrastructure/Utilities,3,Brooklyn,Bushwick North,1735
28563,25869076,2012-11-01 20:40:00,780,2250,12400,40.69239832,-73.90686036,"  Sandy's Winds causes water to submerge 12ft over my 5ft front gate in Far Rockaway, NY (420 Beach 29th Street) ",Infrastructure/Utilities,3,Brooklyn,Bushwick North,1735
28872,339252292,2012-11-01 23:06:00,61,64,4658,40.6520939,-73.9246529, I havent been to school for like a week :( hurricane sandy ruined my week ...thanks girl ,Infrastructure/Utilities,3,Brooklyn,Rugby-Remsen Village,1778
27858,19774166,2012-11-01 14:07:00,524,1344,11118,40.64723074,-73.969837, #iSurvivedSandy but one of  's awning blew off...  #sandy #postsandy  Corner ,Infrastructure/Utilities,3,Brooklyn,Flatbush,1793
24467,206768095,2012-10-31 01:26:00,466,372,834,40.69118179,-73.97480965, Uprooted tree in Brooklyn. #sandy #aftermath #hurricane  Greene Park ,Infrastructure/Utilities,3,Brooklyn,Fort Greene,1831
24508,206768095,2012-10-31 01:38:00,465,372,834,40.69118179,-73.97480965, Tree split in half. Looks like one side's dipping the other. #sandy #hurricane   Greene Park ,Infrastructure/Utilities,3,Brooklyn,Fort Greene,1831
24524,206768095,2012-10-31 01:43:00,465,372,834,40.69118179,-73.97480965, There once was a tree... #sandy #hurricane #brooklyn   Greene Park ,Infrastructure/Utilities,3,Brooklyn,Fort Greene,1831
26058,7211482,2012-10-31 17:54:00,363,131,10886,40.69118179,-73.97480965, Lots of big trees down. #sandy  Greene Park ,Infrastructure/Utilities,3,Brooklyn,Fort Greene,1831
27829,18409071,2012-11-01 13:52:00,744,1049,19930,40.69118179,-73.97480965, Cracked wide open #HurricaneSandy  Greene Park ,Infrastructure/Utilities,3,Brooklyn,Fort Greene,1831
28367,97033143,2012-11-01 18:54:00,3623,3496,11438,40.69049227,-73.98099709," Well, I tried to help...the  drive is cancelled. #sandy ( Island University) ",Infrastructure/Utilities,3,Brooklyn,Fort Greene,1831
27866,14039452,2012-11-01 14:17:00,2547,1989,53759,40.642166,-73.966666, More #HurricaneSandy aftermath - Tangle of trees #Brooklyn #Ditmas ,Infrastructure/Utilities,3,Brooklyn,Flatbush,1839
24755,23983155,2012-10-31 03:07:00,3661,1435,9929,40.713916,-73.959843, Mystical View from Greenpoint. The city half off / half on. #sandy ,Infrastructure/Utilities,3,Brooklyn,North Side-South Side,1869
28403,13970002,2012-11-01 19:05:00,1769,587,3671,40.714212,-73.96027, Picking up 3x korean lunch specials for pops without power #SuperStormSandy ( w/ 2 others) ,Infrastructure/Utilities,3,Brooklyn,North Side-South Side,1869
28535,765538999,2012-11-01 20:23:00,25,39,173,40.71734804,-73.95846957, No traffic lights #sandy lower east side ,Infrastructure/Utilities,3,Brooklyn,North Side-South Side,1869
28542,765538999,2012-11-01 20:25:00,25,39,173,40.71730819,-73.95856887, No trains running #sandy ,Infrastructure/Utilities,3,Brooklyn,North Side-South Side,1869
26721,95358764,2012-10-31 22:01:00,5211,548,11035,40.72098634,-73.95787818, Thanks  for putting us up during the black out. #Sandy doesn't stop  our Williams ,Infrastructure/Utilities,3,Brooklyn,North Side-South Side,1870
29446,14863391,2012-11-02 04:28:00,1477,904,15186,40.72086783,-73.96107674, The only thing shining in Lower Manhattan tonight is the Freedom Tower #Sandy  Waterfront ,Infrastructure/Utilities,3,Brooklyn,North Side-South Side,1870
26125,23467372,2012-10-31 18:19:00,125,106,1037,40.66390777,-73.97094727, Prospect park looks like a country lane after #sandy #prospectpark #countrylane #nature #t  Park ,Infrastructure/Utilities,3,Brooklyn,park-cemetery-etc-Brooklyn,1884
27454,27784462,2012-11-01 03:48:00,1351,754,37232,40.6506372,-73.9674981, #BROOKLYN #NYC! HERE IS THE SHUTTLE BUS MAP FOR SERVICE INTO #MANHATTAN! EFFECTIVE THURSDAY AM! #sandy ,Infrastructure/Utilities,3,Brooklyn,park-cemetery-etc-Brooklyn,1884
29085,14141056,2012-11-02 01:13:00,447,724,4007,40.66855421,-73.96537147, Left the office 3 1/2 hours ago. Should've just walked to Brooklyn Heights. #sandy #commutefromhell #mta ,Infrastructure/Utilities,3,Brooklyn,park-cemetery-etc-Brooklyn,1884
27546,60469411,2012-11-01 05:04:00,439,417,37479,40.71057275,-73.95584106, The #BQE entrance in #brooklyn earlier today #nyc #hurricane #sandy #afte  Expressway (BQE) ,Infrastructure/Utilities,3,Brooklyn,North Side-South Side,1916
27784,54446326,2012-11-01 13:21:00,5896,892,30508,40.71057275,-73.95584106, #bqe currently #nyc #newyorkcity cc: wync #sandy #mta   Expressway (BQE) ,Infrastructure/Utilities,3,Brooklyn,North Side-South Side,1916
27790,54446326,2012-11-01 13:22:00,5896,892,30508,40.71057275,-73.95584106, Okay so I spoke too soon #nyc #bqe #newyorkcity #mta #sandy   Expressway (BQE) ,Infrastructure/Utilities,3,Brooklyn,North Side-South Side,1916
27796,54446326,2012-11-01 13:26:00,5896,892,30508,40.71057275,-73.95584106, #BQE without traffic is a beautiful sight #nyc #newyorkcity #sandy cc: w  Expressway (BQE) ,Infrastructure/Utilities,3,Brooklyn,North Side-South Side,1916
29448,70426408,2012-11-02 04:34:00,924,195,1377,40.71273039,-73.94926199, Freedom Towers lights are back on!! Sign of recovery for NYC is near... #sandy ,Infrastructure/Utilities,3,Brooklyn,North Side-South Side,1916
25865,26579719,2012-10-31 16:39:00,439,251,1592,40.71488713,-73.95464726, Our tree's been hurt by #sandy   Et Traditions ,Infrastructure/Utilities,3,Brooklyn,North Side-South Side,1917
28817,39134625,2012-11-01 22:35:00,320,358,2487,40.71343536,-73.95807266, Eerie Dark Skyline in #NYC #lightsup #coned #sandy  ,Infrastructure/Utilities,3,Brooklyn,North Side-South Side,1917
27944,277539550,2012-11-01 15:11:00,118,95,2401,40.6261346,-73.9298573, I've been in line waiting for gas for almost 3hours now and still not eeeeven close to he gas pump...... #sandy aftermath in brooklyn...... ,Infrastructure/Utilities,3,Brooklyn,Flatlands,1940
24308,23399482,2012-10-31 00:32:00,375,151,7290,40.6185359,-73.9079332," Aerial shot of #Breezy Point, NY, post #Sandy. Around 80 homes destroyed by fire. #sosad #horrific ",Infrastructure/Utilities,3,Brooklyn,Georgetown-Marine Park-Bergen Beach-Mill Basin,1947
28659,21201205,2012-11-01 21:25:00,819,544,19945,40.601993,-73.993646, Hella packed busses after hurricane #Sandy.  - B1 Bus (Bay Parkway ; 86th) ,Infrastructure/Utilities,3,Brooklyn,Bensonhurst West,2014
24681,555254276,2012-10-31 02:39:00,67,121,1346,40.67158095,-73.99021404, Dark Manhattan. Oh #sandy.   ,Infrastructure/Utilities,3,Brooklyn,Park Slope-Gowanus,2023
24770,13829192,2012-10-31 03:12:00,611,307,2040,40.69321305,-74.00119803, Dark city #sandy   Bridge Park (Pier 6) -The Benches ,Infrastructure/Utilities,3,Brooklyn,Brooklyn Heights-Cobble Hill,2041
26428,41763985,2012-10-31 20:22:00,97,253,1342,40.69198237,-73.99600721, Scroll down to maps: The New #Sandy Subway Map Showing Limited Subway Service: Gothamist ,Infrastructure/Utilities,3,Brooklyn,Brooklyn Heights-Cobble Hill,2041
25082,22682422,2012-10-31 08:08:00,734,1781,18710,40.69480989,-73.99426103, Lower Manhattan with no power: Day 2 #Sandy #Blackout   Heights ,Infrastructure/Utilities,3,Brooklyn,Brooklyn Heights-Cobble Hill,2052
27549,14412157,2012-11-01 05:09:00,1226,95,470,40.69483,-73.9915, Manhattan still without power.. #sandy #eerie #halloween     Heights ,Infrastructure/Utilities,3,Brooklyn,Brooklyn Heights-Cobble Hill,2052
26267,174450940,2012-10-31 19:18:00,1281,2061,5683,40.70028,-73.98942, Says nets opener against knicks canceled but marathon is on. #sandy ,Infrastructure/Utilities,3,Brooklyn,DUMBO-Vinegar Hill-Downtown Brooklyn-Boerum Hill,2053
26269,174450940,2012-10-31 19:19:00,1281,2061,5683,40.70028,-73.98942,"  schools closed for kids for rest of wk. Fri, teachers report. #sandy ",Infrastructure/Utilities,3,Brooklyn,DUMBO-Vinegar Hill-Downtown Brooklyn-Boerum Hill,2053
26284,174450940,2012-10-31 19:24:00,1284,2066,5691,40.70028,-73.98942, Walcott says 200 schools were impacted by #sandy ,Infrastructure/Utilities,3,Brooklyn,DUMBO-Vinegar Hill-Downtown Brooklyn-Boerum Hill,2053
25583,47231863,2012-10-31 14:59:00,313,245,16698,40.63965252,-74.03231621, This was a very special tree. #hurricanesandy   Head Park ,Infrastructure/Utilities,3,Brooklyn,Bay Ridge,2078
27129,23881488,2012-11-01 00:41:00,760,1361,15549,40.62170546,-74.04021263, Tree by my sister's house #sandy  Ridge ,Infrastructure/Utilities,3,Brooklyn,Bay Ridge,2097
28578,43121296,2012-11-01 20:47:00,1662,2005,9204,40.68326798,-74.0062422," Were lucky, we have power and no damage. #sandy #red hook ( Work Room) ",Infrastructure/Utilities,3,Brooklyn,Carroll Gardens-Columbia Street-Red Hook,2108
28209,64190413,2012-11-01 17:40:00,442,1701,5067,40.677872,-74.001117, First subway in 4 days #sandy #nyc ,Infrastructure/Utilities,3,Brooklyn,Carroll Gardens-Columbia Street-Red Hook,2109
24813,20465642,2012-10-31 03:38:00,195,196,2400,40.659236,-74.009028, A view of the flooded Battery Park Underpass around 9 AM this morning  #NYC #Sandy ,Infrastructure/Utilities,3,Brooklyn,Sunset Park West,2110
27658,314171847,2012-11-01 11:08:00,20,37,1150,40.6654325,-73.9950899," No credit, no debit, no ebt, no atm, no newspaper, no candy, no donuts, no taquitos. workers can't get to work to relieve night shift #sandy ",Infrastructure/Utilities,3,Brooklyn,Park Slope-Gowanus,2111
24663,503790288,2012-10-31 02:30:00,12,154,510,40.616237,-74.032888, This tree crushed two cars and ripped out the sidewalk -on 95th street in Bay Ridge #Sandy ,Infrastructure/Utilities,3,Brooklyn,Bay Ridge,2113
27093,70843031,2012-11-01 00:24:00,1173,458,45822,40.67797042,-74.0151825," Watermark on Van Brunt #sandy  Hook, Brooklyn ",Infrastructure/Utilities,3,Brooklyn,Carroll Gardens-Columbia Street-Red Hook,2129
28579,14463970,2012-11-01 20:47:00,1053,814,7925,40.67777,-74.01333, Yet another downed tree #sandy   hook ,Infrastructure/Utilities,3,Brooklyn,Carroll Gardens-Columbia Street-Red Hook,2129
24298,14994922,2012-10-31 00:30:00,483,1280,13592,40.61362883,-74.03517244,  no Verizon Wireless service in Bay Ridge Brooklyn #sandycell and apparently they don't care. ,Infrastructure/Utilities,3,Brooklyn,Bay Ridge,2131
24311,14994922,2012-10-31 00:33:00,483,1280,13592,40.61352468,-74.0351974, Drag Race all night with a big bottle of wine since there will be no work tomorrow...yet again. Thanks Sandy. ,Infrastructure/Utilities,3,Brooklyn,Bay Ridge,2131
26429,43833,2012-10-31 20:23:00,1350,1037,12244,40.692577,-73.989471, Just saw a bunch of FEMA trucks heading into Manhattan. #NYC #Sandy cc:  ,Infrastructure/Utilities,3,Brooklyn,DUMBO-Vinegar Hill-Downtown Brooklyn-Boerum Hill,2153
26455,20737466,2012-10-31 20:33:00,986,1035,2982,40.69265197,-73.98832018," Waiting to cast my vote. Systems are down, so the wait time is 3 hrs. Thx, #Sandy! #vot  of Elections ",Infrastructure/Utilities,3,Brooklyn,DUMBO-Vinegar Hill-Downtown Brooklyn-Boerum Hill,2153
27702,269611542,2012-11-01 12:04:00,58,163,969,40.69386993,-73.98745202," """"bus bridge"""" line at Jay St-Metro Tech. Line is a very fluid term right now #mta #lifeaftersandy  ",Infrastructure/Utilities,3,Brooklyn,DUMBO-Vinegar Hill-Downtown Brooklyn-Boerum Hill,2153
27712,18086853,2012-11-01 12:19:00,242,528,2532,40.69402989,-73.9877275," Ok forget good natured, just saw first fight break out ... between a man and a woman #SandyAftermath #MTA #Brooklyn ",Infrastructure/Utilities,3,Brooklyn,DUMBO-Vinegar Hill-Downtown Brooklyn-Boerum Hill,2153
27721,18086853,2012-11-01 12:29:00,241,528,2532,40.69387045,-73.98730603, Got on a bus! That only took 30 min! Ppl who got a seat act like they won the lotto. #NotSoLittleThings #MTA #sandy ,Infrastructure/Utilities,3,Brooklyn,DUMBO-Vinegar Hill-Downtown Brooklyn-Boerum Hill,2153
27735,262954526,2012-11-01 12:42:00,74,402,408,40.69444861,-73.98719175, F train running fine Ditmas Ave -&gt;Jay St. I even got a seat! #NY1Sandy ,Infrastructure/Utilities,3,Brooklyn,DUMBO-Vinegar Hill-Downtown Brooklyn-Boerum Hill,2153
27740,262954526,2012-11-01 12:46:00,74,402,408,40.6938167,-73.98984764,  just got off the F at Jay St and the shuttle bus line is several blocks long with one bus at the front #NY1Sandy ,Infrastructure/Utilities,3,Brooklyn,DUMBO-Vinegar Hill-Downtown Brooklyn-Boerum Hill,2153
27742,19176909,2012-11-01 12:48:00,1511,1216,35249,40.692774,-73.98637, The line for the Manhattan shuttle bus out of Brooklyn.  Looks like a parade out here.  #NYC #Sandy ,Infrastructure/Utilities,3,Brooklyn,DUMBO-Vinegar Hill-Downtown Brooklyn-Boerum Hill,2153
27936,887836680,2012-11-01 15:06:00,192,387,1742,40.6921515,-73.98702921, There is a GIANT line around the block to get on the shuttle going to Manhattan. #IhateyouSandy #craziness ,Infrastructure/Utilities,3,Brooklyn,DUMBO-Vinegar Hill-Downtown Brooklyn-Boerum Hill,2153
28013,366132323,2012-11-01 15:51:00,798,227,1560,40.69323197,-73.98752843," Good 4 u! We're powerless, but vino for dollars out the door and will be open by candlelight until 5pm.  #ohsandy ",Infrastructure/Utilities,3,Brooklyn,DUMBO-Vinegar Hill-Downtown Brooklyn-Boerum Hill,2153
28691,52154549,2012-11-01 21:36:00,1957,508,4328,40.69391508,-73.98566723," Crazy long, but functional, line for the MTA shuttles into #Manhattan. #brooklyn #sandy  Commons ",Infrastructure/Utilities,3,Brooklyn,DUMBO-Vinegar Hill-Downtown Brooklyn-Boerum Hill,2153
24373,16258918,2012-10-31 00:51:00,645,232,6539,40.69400503,-73.98346093," Destroyed a TV, lace bra/matching panties, a parakeet ; an iPad trying to open a Corona.#CouldntFindABottleOpenerInTheDark #SandyAftermath ",Infrastructure/Utilities,3,Brooklyn,DUMBO-Vinegar Hill-Downtown Brooklyn-Boerum Hill,2154
26670,16258918,2012-10-31 21:48:00,645,232,6539,40.69162529,-73.98247158, I've had water and power for days. There's really no reason why I haven't bathed since Sunday. #TheFaceOfCabinFever #SandyAftermath ,Infrastructure/Utilities,3,Brooklyn,DUMBO-Vinegar Hill-Downtown Brooklyn-Boerum Hill,2154
29390,30286769,2012-11-02 03:41:00,111,95,439,40.68771573,-73.98564925, Facebook's $100B valuation now looks even more ridiculous when damages from #Sandy are estimated at $50B. ,Needs and Donations,3,Brooklyn,DUMBO-Vinegar Hill-Downtown Brooklyn-Boerum Hill,27
27931,20940614,2012-11-01 15:03:00,22353,2514,54859,40.686081,-73.997491, Brooklynites in Cobble Hill  dropping off supplies ; needed aid for neighboring Red Hook which was devastated by #Sandy ,Needs and Donations,3,Brooklyn,Carroll Gardens-Columbia Street-Red Hook,31
27935,20940614,2012-11-01 15:05:00,22353,2514,54859,40.686029,-73.997426, Red Hook relief drive next to PS 29 in Cobble Hill. #HurricaneSandy #Sandy     ,Needs and Donations,3,Brooklyn,Carroll Gardens-Columbia Street-Red Hook,31
26701,19727804,2012-10-31 21:57:00,50,45,976,40.64666149,-74.01345974,  really wanted the zero code but deployed to #NYC for #Sandy. Is it active for a while. In the Coast Guard. ,Needs and Donations,3,Brooklyn,Sunset Park West,35
28473,314171847,2012-11-01 19:47:00,20,37,1150,40.6444538,-74.011768," If you ain't going through rough times right now, find out who is and help them #Sandy #myign ",Needs and Donations,3,Brooklyn,Sunset Park West,35
28855,75665941,2012-11-01 23:00:00,12,111,126,40.6330574,-74.0234229, NY local news: where r SI BK Qns assemblymen district mngrs comm brdmbers in hard-hit nabes with local info on relief distribution #SandyNYC ,Needs and Donations,3,Brooklyn,Bay Ridge,45
27641,2579761,2012-11-01 10:20:00,893,781,9249,40.66562643,-73.98303853, If u r in bkln #Volunteers needed this AM by  #parkslopearmory on 361 15th st 8th ave. please come! #sandy  ,Needs and Donations,3,Brooklyn,Park Slope-Gowanus,51
28042,158042019,2012-11-01 16:12:00,3642,801,5269,40.6692069,-73.97951985, En route to drop donations at John Jay HS shelter #Brooklyn. Will report back with what they still need. #Sandy ,Needs and Donations,3,Brooklyn,Park Slope-Gowanus,52
28776,6362172,2012-11-01 22:14:00,47921,17906,85222,40.668298,-73.979067, Donating blood w  - our sexiest #ladydate ever! #sandy ( Hospital - Wesley House) ,Needs and Donations,3,Brooklyn,Park Slope-Gowanus,52
25685,557557854,2012-10-31 15:36:00,715,962,1235,40.66942993,-73.97940412, A dozen folks turned out for hurricane relief at John Jay high! #sandy #handsandfeet ,Needs and Donations,3,Brooklyn,Park Slope-Gowanus,53
29379,102202497,2012-11-02 03:32:00,6408,986,5920,40.6697323,-73.9784703, Small business and need resources post-#sandy? ,Needs and Donations,3,Brooklyn,Park Slope-Gowanus,53
25062,18417843,2012-10-31 07:06:00,464,1349,9006,40.61988441,-74.00200649," To volunteer to help NYC get back on its feet, email nycservice w/your name, email and borough. #Sandy ",Needs and Donations,3,Brooklyn,Bensonhurst West,60
29373,624398844,2012-11-02 03:28:00,111,295,6401,40.6076968,-73.99237396,  hi y dnt u donate some of ur clothing to the sandy victims u wanna n Jenny from the block help ur fellow ny family ,Needs and Donations,3,Brooklyn,Bensonhurst West,103
29375,624398844,2012-11-02 03:29:00,111,295,6401,40.60773657,-73.99238376,  y dnt u ladies donate ur clothes to help sandy victims n children's as well Staten Island needs food clothes diapers etc ,Needs and Donations,3,Brooklyn,Bensonhurst West,103
28210,864995017,2012-11-01 17:40:00,209,402,738,40.6962764,-73.9053386, TLC on our way to supply Far Rockaway.Helping NY rebuild.     relief ,Needs and Donations,3,Brooklyn,Bushwick North,158
29404,371904846,2012-11-02 03:53:00,495,1169,5387,40.70362599,-73.91794916, Who gives a shit about the #NYCMarathon people of #nyc need immediate help from #hurricanesandy #WTF ny get your crap together ,Needs and Donations,3,Brooklyn,Bushwick North,162
24630,17809711,2012-10-31 02:20:00,700,109,11949,40.71307621,-73.93951313, Hope everyone is staying warm tonight! The offer is always open if anyone needs out of lower Manhattan! #Sandy ,Needs and Donations,3,Brooklyn,East Williamsburg,174
28857,1925581,2012-11-01 23:00:00,348,591,6588,40.71110041,-73.94533611, They're collecting food and supplies here till 4 am! #sandy ( Drink) ,Needs and Donations,3,Brooklyn,East Williamsburg,175
26909,14220825,2012-10-31 23:08:00,517,444,7377,40.71943413,-73.95592661, Additional Hurricane Recovery #brooklyn #nyc #hurricanesandy   Ale House ,Needs and Donations,3,Brooklyn,North Side-South Side,184
29273,493529514,2012-11-02 02:31:00,111,285,583,40.6241873,-73.9180509, Help Staten Island #hurricanesandy #majorflood #help #desperate ,Needs and Donations,3,Brooklyn,Flatlands,245
25841,142950119,2012-10-31 16:32:00,988,695,4418,40.71277665,-73.96287918," Shout out to  for providing the SandyShelter essentials, Internet and Desks. ( Clubhouse w/  ",Needs and Donations,3,Brooklyn,North Side-South Side,673
27990,30744121,2012-11-01 15:40:00,285,663,24580,40.62040308,-74.02726997, Bringing donations to pour house on 3rd ave tonite for #breezypoint victims! Whatever supplies you can donate #HurricaneSandy ,Needs and Donations,3,Brooklyn,Bay Ridge,686
28902,6392972,2012-11-01 23:23:00,50206,3695,72916,40.6757316,-73.89994525, HEAR: An NYC Cabbie complains about spending two days looking for gas and shortage in state resources.   #Sandy ,Needs and Donations,3,Brooklyn,East New York (Pennsylvania Ave),749
26832,127911517,2012-10-31 22:44:00,268,87,4271,40.708762,-73.955223, My place is still open to anyone that needs power or a place to crash. Started taking in #sandy survivors tonight ,Needs and Donations,3,Brooklyn,North Side-South Side,760
24921,16005252,2012-10-31 04:37:00,291,313,5231,40.66275977,-73.98301728, Maybe the most heartbreaking/warming sleepover ever. More volunteers welcome when the sun comes up! #sandynyc ,Needs and Donations,3,Brooklyn,Park Slope-Gowanus,881
27647,2579761,2012-11-01 10:45:00,895,780,9251,40.66297282,-73.98284382,"  need ur help at Park Slope Armory on 15th and 8th ave for 400 ny seniors , we only have 1/2 a bagle p/p #sandy ",Needs and Donations,3,Brooklyn,Park Slope-Gowanus,881
27651,2579761,2012-11-01 10:52:00,893,780,9251,40.66311918,-73.98469212,"   need ur help at Park Slope Armory 2 feed 400 ny sr citizens, only have 1/2 a bagle p/p #sandy ",Needs and Donations,3,Brooklyn,Park Slope-Gowanus,881
29092,2579761,2012-11-02 01:16:00,894,782,9249,40.66330816,-73.98316263, So heartwarming 2c so many volunteers at Park Slope Armory 2night #sandy  thx Jesse and Sarah ,Needs and Donations,3,Brooklyn,Park Slope-Gowanus,881
27544,95108775,2012-11-01 05:02:00,40,102,1567,40.59174112,-73.92831774, Miss   and  I need a laugh right now in my Sandy destroyed neighborhood! I'm tired of bad news ,Needs and Donations,3,Brooklyn,Sheepshead Bay-Gerritsen Beach-Manhattan Beach,904
26512,419630577,2012-10-31 20:54:00,351,783,1737,40.68956131,-73.97243004, At Brooklyn Technical HS Evac Center on DeKalb Ave in Ft Greene. They still need volunteers overnight ; tomorrow 5:30A for breakfast. #Sandy ,Needs and Donations,3,Brooklyn,Fort Greene,988
24320,74062928,2012-10-31 00:36:00,245,383,4076,40.6353856,-74.01934993, ;come together as a community to help each other out. #godbless #NYC and other areas that are being affected by the aftermath of #sandy ,Needs and Donations,3,Brooklyn,Bay Ridge,1054
27598,281832935,2012-11-01 06:48:00,456,478,1532,40.71744872,-73.94696708, Six Things You Can Do Right Now to Help Sandy-Damaged Restaurants in NYC   via   ,Needs and Donations,3,Brooklyn,East Williamsburg,1064
27896,14730862,2012-11-01 14:41:00,676,325,9819,40.71635523,-73.94771244," After some Post Sandy cleaning around the apartment, time to finally work from home #realworld ",Needs and Donations,3,Brooklyn,East Williamsburg,1064
28693,15467791,2012-11-01 21:37:00,409,283,1125,40.71755016,-73.94794464," I just donated water, canned food, cleaning supplies, scarves and mugs. #sandy ( Brooklyn Kitchen) ",Needs and Donations,3,Brooklyn,East Williamsburg,1064
26425,20940614,2012-10-31 20:22:00,22371,2515,54971,40.687506,-73.995683," #Sandy clean-up crew juxtaposed aside #Halloween revelers in Cobble Hill, Brooklyn. ",Needs and Donations,3,Brooklyn,Carroll Gardens-Columbia Street-Red Hook,1077
26541,20940614,2012-10-31 21:03:00,22348,2514,54859,40.688032,-73.995556, Two Military Blackhawks just landed ; took off after dropping passengers on the Eastside of Downtown Manhattan. #Sandy ,Needs and Donations,3,Brooklyn,Carroll Gardens-Columbia Street-Red Hook,1077
27980,20940614,2012-11-01 15:32:00,22375,2522,55011,40.686638,-73.997182, Loading up car to drop off supplies  Red Hook Alliance Relief Coordination site on Hicks ; 9th in Red Hook- #Sandy ,Needs and Donations,3,Brooklyn,Carroll Gardens-Columbia Street-Red Hook,1077
28888,299910239,2012-11-01 23:14:00,191,1023,1286,40.68590745,-73.99425745, My home is a refugee camp for stranded #hurricanesandy victims of the 2 legged ; 4 legged variety. :-) ,Needs and Donations,3,Brooklyn,Carroll Gardens-Columbia Street-Red Hook,1077
28184,154783888,2012-11-01 17:27:00,134,192,1867,40.65139626,-73.97291802," Destruction to my favorite park, Prospect Park. So sad. Help out. Join  ; donate! #SandyTODAY #Sandy ",Needs and Donations,3,Brooklyn,Windsor Terrace,1110
27991,30183056,2012-11-01 15:41:00,1855,712,1240,40.6803792,-73.97367097," Friends, of you are in an an area where there are #outages, u can help by opening up your #wifi for your #neighbors to use #Sandy #FEMA ",Needs and Donations,3,Brooklyn,Prospect Heights,1159
28566,14607119,2012-11-01 20:41:00,213,344,1774,40.68005987,-73.96803675,  Any place near prospect heights to donate supplies? Dont have a car ,Needs and Donations,3,Brooklyn,Prospect Heights,1164
25636,82266118,2012-10-31 15:18:00,377,250,6683,40.6796,-73.97863, Long lines of dump trucks in #Sandy recovery looks like Die Hard 3. Has anyone checked the Federal Reserve for the gold? ,Needs and Donations,3,Brooklyn,Park Slope-Gowanus,1178
28493,79325581,2012-11-01 20:00:00,701,1995,5073,40.67838332,-73.94846453, Completing my one post-hurricane sandy rescue mission ( - Nostrand Avenue Station) ,Needs and Donations,3,Brooklyn,Crown Heights North,1339
28080,248746265,2012-11-01 16:29:00,1560,275,2035,40.69423652,-73.99638418, Cleaning out cupboards + baby clothes + donating to our beloved besieged #RedHook #FuckSandy #Hipstamatic #Jane #Blanko ,Needs and Donations,3,Brooklyn,Brooklyn Heights-Cobble Hill,1344
28819,211859777,2012-11-01 22:38:00,4006,1148,14399,40.71409826,-73.94284601, Don't know how to help?  and  are collecting donations for the Rockaways! List here:   #sandy ,Needs and Donations,3,Brooklyn,East Williamsburg,1388
29124,23371988,2012-11-02 01:30:00,5013,646,15455,40.71458733,-73.94327264," Gas shortage in Brooklyn, #postsandy just gets worse and worse eh ",Needs and Donations,3,Brooklyn,East Williamsburg,1388
26896,23354464,2012-10-31 23:05:00,43553,13215,10548,40.65408757,-74.01382707, For mobile donations: Text CONVOY to 50555 to give $10 to Convoy of Hope. Terms:   #sandy Thank You! ,Needs and Donations,3,Brooklyn,Sunset Park West,1421
27302,18417843,2012-11-01 02:20:00,466,1348,9008,40.61875317,-74.02109265," Gov thx 1st responders, everyone working round the clock ""stronger than their fatigue"" #sandy ",Needs and Donations,3,Brooklyn,Dyker Heights,1422
29324,30744121,2012-11-02 03:02:00,285,664,24564,40.62073011,-74.02013303, #HurricaneSandy donations at  tomorrow 4-8! ,Needs and Donations,3,Brooklyn,Dyker Heights,1422
24424,14721665,2012-10-31 01:08:00,1314,1823,5135,40.68022714,-73.96791704, Coordinating w/  and  for tech / startup / coworking volunteer response to #Sandy ( ,Needs and Donations,3,Brooklyn,Prospect Heights,1439
25114,93980795,2012-10-31 09:35:00,165,147,5493,40.704277,-73.9930957," Its gonna be a full day just to clean up the yard! Forget about the bridge. Damn sandy, u fucked up. Im not naming anything sandy in my life ",Needs and Donations,3,Brooklyn,DUMBO-Vinegar Hill-Downtown Brooklyn-Boerum Hill,1489
26051,251781313,2012-10-31 17:51:00,200,155,210,40.70349884,-73.9908371, #morning #sandy #volunteersForParkCleanup#awesome   A ,Needs and Donations,3,Brooklyn,DUMBO-Vinegar Hill-Downtown Brooklyn-Boerum Hill,1489
29228,32539868,2012-11-02 02:16:00,460,224,2211,40.59547003,-73.99065101, Watching #NBC special on the aftermath of #hurricanesandy and we have to HELP #statenisland asap! ,Needs and Donations,3,Brooklyn,Bensonhurst East,1551
25197,226428781,2012-10-31 11:51:00,53,224,2736,40.68973391,-73.9812485,  ask  ;  to #pleasedonatecommercialdollars to #sandyrelief #nomoreattackadds ,Needs and Donations,3,Brooklyn,Fort Greene,1613
25204,226428781,2012-10-31 11:55:00,53,224,2736,40.68976375,-73.98100225,  ask  ;  to #pleasedonatecommercialdollars to #sandyrelief #nomoreattackadds ,Needs and Donations,3,Brooklyn,Fort Greene,1613
25217,226428781,2012-10-31 12:06:00,52,224,2711,40.68967005,-73.98058915,  ask  ;  to #pleasedonatecommercialdollars to #sandyrelief #nomoreattackadds ,Needs and Donations,3,Brooklyn,Fort Greene,1613
26622,226428781,2012-10-31 21:27:00,52,224,2715,40.68967644,-73.98055347, Just watched 10 ambulances race down Flatbush Ave toward the Manhattan Bridge. #Sandy ,Needs and Donations,3,Brooklyn,Fort Greene,1613
27477,36119928,2012-11-01 04:04:00,4068,1008,111860,40.689365,-73.976888, Volunteering overnight shift for a Hurricane Sandy shelter (at Brooklyn Technical High School) ?_ ,Needs and Donations,3,Brooklyn,Fort Greene,1613
28615,226428781,2012-11-01 21:02:00,52,224,2715,40.68978349,-73.98087772, Good to see fuel tankers making their way up the East River. #Sandy ,Needs and Donations,3,Brooklyn,Fort Greene,1613
26567,15748613,2012-10-31 21:12:00,466,360,8286,40.70202907,-73.94426717, NYC is coming back to life (partially) tomorrow after the #Sandy flooding. Continued details here ,Needs and Donations,3,Brooklyn,Bedford,1652
24952,27327892,2012-10-31 05:05:00,198,498,15358,40.68102791,-73.92687331, Hurricane Sandy has passed but let's work on recovery.  FEMA lets get it. ,Needs and Donations,3,Brooklyn,Crown Heights North,1681
24687,757967214,2012-10-31 02:42:00,123,173,907,40.71781897,-73.95773469, Williamsburg post-Sandy rescue #nyfd #Sandy #williamsburg   + Bedford ,Needs and Donations,3,Brooklyn,North Side-South Side,1869
29457,418953275,2012-11-02 04:44:00,1274,685,2815,40.72194003,-73.95757971, All Bowl Train proceeds towards #Sandy relief :) ( Bowl w/  ,Needs and Donations,3,Brooklyn,North Side-South Side,1870
28153,913383464,2012-11-01 17:11:00,40,195,432,40.67504704,-73.97191446, Coat ; food drive at 646 Marcy Ave Btwn Pulaski St ; Dekalb Ave from 11 am to 4pm. Please come out ; support the cause. #HurricaneSandy ,Needs and Donations,3,Brooklyn,Park Slope-Gowanus,1886
28758,913383464,2012-11-01 22:06:00,41,195,432,40.67505824,-73.97190752, Saturday 646 Marcy ave Btwn Pulaski st. ; dekalb we will b collecting coats;can good for #sandy victims ,Needs and Donations,3,Brooklyn,Park Slope-Gowanus,1886
26060,256365699,2012-10-31 17:54:00,356,549,16792,40.65232564,-73.86810157, I wanna do a benefit for the victims f hurricane sandy on Staten Island. All I need is a place and ill bring the people. ,Needs and Donations,3,Brooklyn,East New York,1928
26898,14958607,2012-10-31 23:06:00,17973,2310,14923,40.70128255,-73.95548707," Fire hydrants open all over city for drinking, cooking, but most likely flushing #sandy ",Needs and Donations,3,Brooklyn,Bedford,2018
28284,376435235,2012-11-01 18:27:00,13,17,416,40.632195,-73.94833088, #sandy #help #volunteer #brooklyn #starbucks #clothes #hurricane #brooklyncollege #nyc #ny #broo  ,Needs and Donations,3,Brooklyn,Flatbush,2034
26418,5757222,2012-10-31 20:19:00,1318,2271,16983,40.69612448,-73.98952743, Just saw a fleet of Missouri Urban Search ; Rescue vehicles in Brooklyn going into Manhattan.Thanks for the support Missouri! #Sandy ,Needs and Donations,3,Brooklyn,DUMBO-Vinegar Hill-Downtown Brooklyn-Boerum Hill,2053
26759,44057705,2012-10-31 22:15:00,872,1956,4240,40.69635946,-73.98953097," If anyone needs a place to chyll, crash, shower or anything that you can't do at your home because of Sandy, come thru. #NoPoopingThough ",Needs and Donations,3,Brooklyn,DUMBO-Vinegar Hill-Downtown Brooklyn-Boerum Hill,2053
24587,21891939,2012-10-31 02:04:00,109,402,1189,40.68132375,-74.0015738," Clean-up tomorrow at 11 AM!   #DUMBO"""" helping my fellow neighbors tomorrow. Stop by if you're free! #hpsandy ",Needs and Donations,3,Brooklyn,Carroll Gardens-Columbia Street-Red Hook,2069
27036,41212216,2012-11-01 00:00:00,331,1026,6284,40.66605,-73.99691, Seeing first hand what #sandy did to the peoplenliving in merrick and long island made me so sad today.  Cleaned out my aunts basemnt 2day.. ,Needs and Donations,3,Brooklyn,Sunset Park West,2110
28165,18992483,2012-11-01 17:15:00,1034,487,10235,40.66147594,-73.99202181, bareburger is grilling out and giving away free burgers on 16th and 8th #nyc  #hurricanesandy ,Needs and Donations,3,Brooklyn,Park Slope-Gowanus,2111
27085,70843031,2012-11-01 00:21:00,1173,458,45822,40.67797042,-74.0151825," Water pumping out of a home flooded by #sandy  Hook, Brooklyn ",Needs and Donations,3,Brooklyn,Carroll Gardens-Columbia Street-Red Hook,2129
28023,366132323,2012-11-01 15:57:00,798,227,1560,40.69390131,-73.98735076, Good to see MTA employees in good spirits and treating people with respect. Thank you for keeping our city moving.  #sandynyc ,Needs and Donations,3,Brooklyn,DUMBO-Vinegar Hill-Downtown Brooklyn-Boerum Hill,2153
28867,29499166,2012-11-01 23:05:00,765,508,10337,40.69214543,-73.98886527, The  needs to profile the team doing near-daily updates to MTA's maps post- #Sandy. /cc    ,Needs and Donations,3,Brooklyn,DUMBO-Vinegar Hill-Downtown Brooklyn-Boerum Hill,2153
25242,47231863,2012-10-31 12:15:00,311,245,16683,40.64553199,-74.01238511," Some amazing clouds over Brooklyn making their way to manhattan. #hurricanesandy   Park, Brooklyn ",Weather and Environment,3,Brooklyn,Sunset Park West,35
27970,47231863,2012-11-01 15:26:00,311,245,16687,40.64553199,-74.01238511," Happy Cloud. #hurricanesandy   Park, Brooklyn ",Weather and Environment,3,Brooklyn,Sunset Park West,35
25450,6392972,2012-10-31 13:57:00,50208,3694,72948,40.67742458,-73.95826921, ... out came the sun and dried up all the rain... #Sandy #NYC ,Weather and Environment,3,Brooklyn,Crown Heights North,117
25456,18013286,2012-10-31 13:59:00,152,181,131,40.72740396,-73.95175362, Sunshine and blue skies in Brooklyn after #sandy   Tattoo Co ,Weather and Environment,3,Brooklyn,Greenpoint,209
25463,22682422,2012-10-31 14:02:00,734,1781,18710,40.70004647,-73.98433154," East River receded #Frankenstorm #Halloween #Sandy   Hill, Brooklyn ",Weather and Environment,3,Brooklyn,DUMBO-Vinegar Hill-Downtown Brooklyn-Boerum Hill,1279
25323,117439280,2012-10-31 13:00:00,4534,758,8422,40.72729109,-73.92969352, Here comes the sun little darling! #buhbyeSandy ,Weather and Environment,3,Brooklyn,East Williamsburg,1469
26153,34609947,2012-10-31 18:31:00,95,245,495,40.703293,-73.990387," Rainbow over Brooklyn, there is always light after the storm.#Sandy #Brooklyn ",Weather and Environment,3,Brooklyn,DUMBO-Vinegar Hill-Downtown Brooklyn-Boerum Hill,1489
24634,155991873,2012-10-31 02:22:00,272,403,1208,40.72042906,-73.96418622, Spooky skyline #sandy   Promenade ,Weather and Environment,3,Brooklyn,North Side-South Side,1491
27239,158042019,2012-11-01 01:49:00,3652,802,5278,40.66867893,-73.98050364," NY has to find solution to semi-regular disaster, says Ric Burns on  because we experienced it first. ""We're the Petri dish."" #Sandy ",Other,3,Brooklyn,Park Slope-Gowanus,52
24821,839215028,2012-10-31 03:41:00,6,45,279,40.6937572,-73.9569529," Obama incredibly fast responce to #Sandy but no responce to #Benghazi yet after 43days I say this on Nov 6 Barack Husain Obama """"YOU'RE FIRED ",Other,3,Brooklyn,Clinton Hill,79
28406,20941681,2012-11-01 19:07:00,1286,746,10751,40.71263302,-73.96286702," The politicization of NYC #Sandy recovery is bullshit. Don't blame ConEd, blame the people who built city on infilled saltmarsh 200+ yrs ago ",Other,3,Brooklyn,North Side-South Side,673
27323,37580575,2012-11-01 02:28:00,377,576,767,40.60360566,-74.01827116, What's amazing is how Twitter and Facebook are more current and up to date with events on #Sandy then the actual news on tv...#media #fail ,Other,3,Brooklyn,Bath Beach,687
27316,14278608,2012-11-01 02:26:00,10012,3861,17955,40.67916128,-73.97990531," Some calling #Sandy response the ""fourth debate."" If so, O aced it: 78% (inc 2/3 of *GOP* voters) praise his leadership ",Other,3,Brooklyn,Park Slope-Gowanus,879
26978,418404465,2012-10-31 23:38:00,360,514,4123,40.68894471,-73.98471697, As you are watching the news coverage of hurricane Sandy just remember people if Romney gets into office there will be no more FEMA. ,Other,3,Brooklyn,DUMBO-Vinegar Hill-Downtown Brooklyn-Boerum Hill,1003
26668,16975832,2012-10-31 21:47:00,394,873,4751,40.68500618,-73.9778594, President Obama's LEADERSHIP post-Sandy is the best campaigning he can do. Helps people in this crisis. Helps them see a true leader. ,Other,3,Brooklyn,Fort Greene,1160
27799,2358531,2012-11-01 13:27:00,3355,2086,14470,40.68394885,-73.97706081, Senator Schumer greets shuttle bus riders at the Barclays Center. #Sandy ,Other,3,Brooklyn,Fort Greene,1160
29127,171666676,2012-11-02 01:32:00,121,188,1202,40.673286,-73.968447, . Food insecurity major concern after Hurricane #Sandy strikes #Haiti -  Head of Office: ,Other,3,Brooklyn,Prospect Heights,1887